{"143b4f8d-40c0-40f4-b7e5-aa10ae6fcba2": [0.09411764705882353, 0.25098039215686274, 0.4392156862745098], "11670faa-8b72-4601-9297-eddd8232f460": [0.09411764705882353, 0.2823529411764706, 0.8784313725490196]}