{"fa8bba0f-8c92-4273-b211-8cb319482a92": [0.2196078431372549, 0.09411764705882353, 0.5019607843137255], "617cd049-b352-468a-a39f-d66c5d05e6e3": [0.03137254901960784, 0.8470588235294118, 0.18823529411764706], "b613d1ed-077c-4e3e-8b07-aa7ea37b6061": [0.1568627450980392, 0.6588235294117647, 0.3764705882352941], "2557776d-2ee2-4c8f-b6f8-13bffbec7911": [0.1568627450980392, 0.596078431372549, 0.8156862745098039], "30ea130c-9376-41ff-a9d2-9b61619fec48": [0.12549019607843137, 0.5333333333333333, 0.3137254901960784], "eceddf23-159b-4f88-b871-396384cfd385": [0.03137254901960784, 0.5019607843137255, 0.8470588235294118], "9f3c7aee-890d-43a6-a003-4c2f3448db9b": [0.06274509803921569, 0.6274509803921569, 0.8470588235294118]}