{"617cd049-b352-468a-a39f-d66c5d05e6e3": [0.03137254901960784, 0.8470588235294118, 0.18823529411764706], "b613d1ed-077c-4e3e-8b07-aa7ea37b6061": [0.1568627450980392, 0.6588235294117647, 0.3764705882352941], "2557776d-2ee2-4c8f-b6f8-13bffbec7911": [0.1568627450980392, 0.596078431372549, 0.8156862745098039], "7977b704-62d5-4152-a077-b2679b95c978": [0.09411764705882353, 0.3137254901960784, 0.5019607843137255], "eceddf23-159b-4f88-b871-396384cfd385": [0.03137254901960784, 0.5019607843137255, 0.8470588235294118]}