{"2bf46a75-d576-4a37-a0b1-6057ef2ae548": [[-21.789627208296135, -4.436658162818153], [-21.59195371772072, -4.423340636996779], [-21.39066264674046, -4.413307913644806], [-21.18641770151589, -4.406686794428818], [-20.979821860506906, -4.403524466846015], [-20.771414552388386, -4.403841835371058], [-20.56165151083804, -4.407617175309545], [-20.35582509961251, -4.414603373971477], [-20.18754193615368, -4.422781653424833], [-20.08453679868791, -4.428409107305881], [-19.973715204395482, -4.434807154242625], [-19.854276831342563, -4.4438893017884675], [-19.727548783644764, -4.455229170852205], [-19.59592773406324, -4.467968015508463], [-19.460187790537148, -4.48213151851014], [-19.32262274783482, -4.49765005716009], [-19.183837308126524, -4.514502149549404], [-19.04666246943281, -4.5323562771522585], [-18.90911577663991, -4.551390218417767], [-18.773275544388785, -4.571347226667836], [-18.637127522069136, -4.592464518402777], [-18.50200646120651, -4.614568241471125], [-18.367299123494803, -4.637732906562459], [-18.234495276275787, -4.661670623281833], [-18.10185944799542, -4.686656280278325], [-17.969913855291523, -4.712602910268161], [-17.838504510839165, -4.7395329250941876], [-17.705818324085442, -4.767816426992269], [-17.57269532136189, -4.790927407915343], [-17.442686295138454, -4.789770229063448]], "86e4cda5-d012-4e67-8094-f19abed38fbc": [[49.895754278019716, 7.83059223648931], [49.52226271320132, 7.999790282381081], [49.134081270082525, 8.172993677992789], [48.73112420921693, 8.349945764046867], [48.313283338107254, 8.530381053065748], [47.88048295497185, 8.713997576515188], [47.43262288920363, 8.900522631337267], [46.96962864848565, 9.089631392791945], [46.491416509146084, 9.281029107925331], [45.99792802264836, 9.474376520836676], [45.489096718565705, 9.66934159120559], [44.96489542961245, 9.865571438280435], [44.425282154187244, 10.062704756264495], [43.87026862499057, 10.260375442710158], [43.299852546717055, 10.458193732654202], [42.714094186563116, 10.655742611431627], [42.11306824288586, 10.852621108157788], [41.49689633591874, 11.048407814671702], [40.865724554720614, 11.242652057336073], [40.21979041317353, 11.434908000372522], [39.55935589398497, 11.624700542526348], [38.88475876406015, 11.811566232827218], [38.1963917340708, 11.99501396744812], [37.49472329888634, 12.174564292846409], [36.78028451587801, 12.349710505777669], [36.05368823273034, 12.519988431377822], [35.31558660026897, 12.684913054351554], [34.56668429415653, 12.844017418958448], [33.80774613362799, 12.996853032167907]], "5b08cdae-2cec-4659-b2aa-6165c1e37244": [[52.34723616040529, -3.489076222328696], [52.02081123071757, -3.2951167862465036], [51.68238256983051, -3.0968035777538603], [51.33183275389192, -2.8943720125421843], [50.969058790210354, -2.688041462522543], [50.593936442508166, -2.4780629840117934], [50.206356711978266, -2.2646868270169724], [49.806225434129196, -2.0481548165000305], [49.39342800719314, -1.8287556992992373], [48.96784821678265, -1.6067477473118048], [48.52939391418081, -1.3824108791760055], [48.07798137571579, -1.1560398478457312], [47.61350402150995, -0.9279306157396072], [47.135894171671815, -0.6983923669722318], [46.645076124419724, -0.4677270700778511], [46.140967768701486, -0.2362599529514151], [45.623533109031406, -0.004321443293674232], [45.09272131560817, 0.22774960614953477], [44.5485200554617, 0.4596087396716637], [43.990910586351376, 0.690888242205461], [43.41990423782275, 0.9212296300385807], [42.83553640509187, 1.1502527727176164], [42.23785772084534, 1.3775783460989826], [41.62695090533043, 1.602798163717678], [41.00292153500025, 1.8255052485734335], [40.365921301874366, 2.0452874238601795]], "41f5b12e-593d-4615-9173-ca5a515b6e9e": [[-0.0, 0.0], [0.6286597039430062, -0.039352538157611194], [1.2735904567039145, -0.08927361619726047], [1.9449048965245952, -0.1519479756725493], [2.6430171339468225, -0.21072891389043488], [3.3646344423576764, -0.24591121081371142], [4.104202403512066, -0.2614636584847174], [4.859528616956524, -0.26100142198674453], [5.632534874480706, -0.25030566020990397], [6.419921127740932, -0.22837442876047825], [7.18939109269477, -0.1705584888707702], [7.893495599260313, -0.097422155118287], [8.608682710847674, 0.004721684153303651], [9.32579984461915, 0.12929957380675478], [10.022646435567895, 0.25455439805493973], [10.715928726936527, 0.3765645854459929], [11.366924888885478, 0.4820120205482862], [11.928548139550887, 0.5577777117976211], [12.409260138379322, 0.6196659566020268], [12.824482859373937, 0.6683171064346591], [13.224108531360999, 0.7171819682455502], [13.621697089316154, 0.7641894578833306], [14.014587521508192, 0.8087327203908582], [14.409379379994515, 0.8521389081189927], [14.799500541683285, 0.8967495531362736], [15.168859777191509, 0.9412165634370284], [15.518524994121217, 0.9831898270443852], [15.858081005798176, 1.023023734975737], [16.18485900249213, 1.0565049072013915], [16.44695774236105, 1.0773954131587997]], "1fd058f4-a6ab-435e-a5ee-bd35d98ea1f5": [[31.608890090805613, -9.423284656682721], [31.962811034907194, -9.511257686647332], [32.332000413469245, -9.605795434601749], [32.71649563748237, -9.707316124675707], [33.11624748976491, -9.816189084556093], [33.53113217840218, -9.932818148419972], [33.96093327719162, -10.057589132097537], [34.40531125070167, -10.190871445691755], [34.82813112234509, -10.321451578662446], [35.15921107267953, -10.426081487329565], [35.45202079370358, -10.521016647669265], [35.65105455459225, -10.586465010472574], [35.84920330044292, -10.653236096428897], [36.04828879770972, -10.72153910723499], [36.24808603031285, -10.791164387905681], [36.448509135181794, -10.861933120343728], [36.64946668749338, -10.933850142408057], [36.85082715297355, -11.006884214055827], [37.052474234818796, -11.081003288934372], [37.25433694548227, -11.156165283026306], [37.45519293845824, -11.2319382738604], [37.65265484222317, -11.307386622637539], [37.8496449935968, -11.38359338137909], [38.04036640591775, -11.458282961664242], [38.21338227721948, -11.526842389251398], [38.38678013884248, -11.596267851313172], [38.561251806700305, -11.666927663186453], [38.737390011940015, -11.739050222097028], [38.91574939203237, -11.812865941045231], [39.096574190868765, -11.888514696934124]], "b50391fb-c2c4-4c6b-b060-8049741c65a0": [[49.062714031662935, 3.272460312143922], [48.50368224645948, 3.534805471108484], [47.92189415204482, 3.8014167406909727], [47.3176158450916, 4.071452514034165], [46.69124415023672, 4.3440551817085264], [46.043419732853586, 4.618234876116725], [45.37497654878157, 4.892958477387344], [44.68701202556308, 5.167122766828019], [43.98087061550826, 5.439576476821406], [43.258096470663794, 5.709148346836786], [42.5203760801169, 5.974720488698323], [41.7695013857838, 6.235203514604729], [41.007204951110175, 6.489619495699307], [40.23514432044578, 6.737108774495397], [39.454792937821225, 6.976970033119217], [38.6674429690324, 7.208606962163007], [37.87418042966009, 7.43156514489662], [37.075879985264194, 7.645485941701027], [36.27327271369126, 7.8501253559330415], [35.4669204679924, 8.045260996482499], [34.657297263581704, 8.230742224887862], [33.84476642203044, 8.406488945871494], [33.02966240258844, 8.572388976595056], [32.21221658939806, 8.728401080559014], [31.392661172911403, 8.874468783793306], [30.571197465484637, 9.010541618443492], [29.748008719919024, 9.136621641492166], [28.923250536159145, 9.252655966155421], [28.097061260904482, 9.358628993015856], [27.2695864564349, 9.454533144546245]],