{"492777ef-3dbc-405b-a3b1-0c218807df50": [[20.7822265625, 7.2781829833984375], [20.2294921875, 6.8504486083984375], [19.6474609375, 6.3653564453125], [19.064453125, 5.9185028076171875], [18.4931640625, 5.4431915283203125], [17.9521484375, 4.970947265625], [17.4443359375, 4.480560302734375], [16.94921875, 4.0000457763671875], [16.439453125, 3.511962890625], [15.9580078125, 3.0060882568359375], [15.50390625, 2.5311279296875], [15.0419921875, 2.0284576416015625], [14.5859375, 1.4952239990234375], [14.1787109375, 1.000885009765625], [13.75390625, 0.4790802001953125], [13.32421875, -0.0552825927734375], [12.9169921875, -0.5661163330078125], [12.5927734375, -1.0895538330078125], [12.177734375, -1.6374359130859375], [11.82421875, -2.1678924560546875], [11.478515625, -2.7216033935546875], [11.138671875, -3.25897216796875], [10.7939453125, -3.8341827392578125], [10.5048828125, -4.385406494140625], [10.1884765625, -4.9762115478515625], [9.880859375, -5.5225372314453125], [9.5400390625, -6.1164093017578125], [9.2783203125, -6.71539306640625], [9.0205078125, -7.293609619140625], [8.7099609375, -7.9273834228515625]], "e879f99c-d4d0-4062-afd7-8c4b32c90353": [[34.65234375, -6.7670440673828125], [34.65234375, -6.7670440673828125], [34.65234375, -6.7670440673828125], [34.65234375, -6.7670440673828125], [34.65234375, -6.7670440673828125], [34.65234375, -6.7670440673828125], [34.65234375, -6.7670440673828125], [34.65234375, -6.7670440673828125], [34.65234375, -6.7670440673828125], [34.65234375, -6.7670440673828125], [34.65234375, -6.7670440673828125], [34.65234375, -6.7670440673828125], [34.65234375, -6.7670440673828125], [34.65234375, -6.7670440673828125], [34.65234375, -6.7670440673828125], [34.65234375, -6.7670440673828125], [34.65234375, -6.7670440673828125], [34.65234375, -6.7670440673828125], [34.65234375, -6.7670440673828125], [34.65234375, -6.7670440673828125], [34.65234375, -6.7670440673828125], [34.65234375, -6.7670440673828125], [34.65234375, -6.7670440673828125], [34.65234375, -6.7670440673828125], [34.65234375, -6.7670440673828125], [34.65234375, -6.7670440673828125], [34.65234375, -6.7670440673828125], [34.65234375, -6.7670440673828125], [34.65234375, -6.7670440673828125], [34.65234375, -6.7670440673828125]], "d5f3fd48-29e5-40c4-9677-ba92a897dc84": [[30.763671875, -8.3072509765625], [30.763671875, -8.3072509765625], [30.763671875, -8.3072509765625], [30.763671875, -8.3072509765625], [30.763671875, -8.3072509765625], [30.763671875, -8.3072509765625], [30.763671875, -8.3072509765625], [30.763671875, -8.3072509765625], [30.763671875, -8.3072509765625], [30.763671875, -8.3072509765625], [30.763671875, -8.3072509765625], [30.763671875, -8.3072509765625], [30.763671875, -8.3072509765625], [30.763671875, -8.3072509765625], [30.763671875, -8.3072509765625], [30.763671875, -8.3072509765625], [30.763671875, -8.3072509765625], [30.763671875, -8.3072509765625], [30.763671875, -8.3072509765625], [30.763671875, -8.3072509765625], [30.763671875, -8.3072509765625], [30.763671875, -8.3072509765625], [30.763671875, -8.3072509765625], [30.763671875, -8.3072509765625], [30.763671875, -8.3072509765625], [30.763671875, -8.3072509765625], [30.763671875, -8.3072509765625], [30.763671875, -8.3072509765625], [30.763671875, -8.3072509765625], [30.763671875, -8.3072509765625]], "424909c3-a3d2-4e8e-a340-2544bcd176a5": [[-34.046875, 0.1381072998046875], [-32.8154296875, 0.1497802734375], [-31.6162109375, 0.1635589599609375], [-30.4453125, 0.18475341796875], [-29.2900390625, 0.2066802978515625], [-28.15625, 0.22869873046875], [-27.0322265625, 0.2510833740234375], [-25.9384765625, 0.2731781005859375], [-24.859375, 0.2954254150390625], [-23.7919921875, 0.3248291015625], [-22.76171875, 0.345306396484375], [-21.7314453125, 0.370208740234375], [-20.7265625, 0.3945770263671875], [-19.73046875, 0.422454833984375], [-18.734375, 0.4494781494140625], [-17.740234375, 0.480377197265625], [-16.7646484375, 0.50408935546875], [-15.8115234375, 0.5320892333984375], [-14.83984375, 0.5565032958984375], [-13.869140625, 0.5804290771484375], [-12.9052734375, 0.6072540283203125], [-11.94140625, 0.617950439453125], [-10.9951171875, 0.638214111328125], [-10.056640625, 0.6588592529296875], [-9.1298828125, 0.6649322509765625], [-8.1826171875, 0.667266845703125], [-7.263671875, 0.66815185546875], [-6.3349609375, 0.658416748046875], [-5.3955078125, 0.650848388671875], [-4.4453125, 0.6246337890625]], "079288e5-573d-4317-8dfe-b6cb9e99844c": [[5.0546875, -1.7853240966796875], [5.177734375, -1.865936279296875], [5.3125, -1.955230712890625], [5.45703125, -2.055084228515625], [5.6123046875, -2.167144775390625], [5.77734375, -2.2904510498046875], [5.9521484375, -2.42791748046875], [6.1376953125, -2.580352783203125], [6.333984375, -2.7480010986328125], [6.5595703125, -2.9515380859375], [6.771484375, -3.15618896484375], [6.9921875, -3.3782806396484375], [7.2177734375, -3.622222900390625], [7.44921875, -3.8860626220703125], [7.6826171875, -4.1692962646484375], [7.9130859375, -4.476318359375], [8.1494140625, -4.8026275634765625], [8.3818359375, -5.15386962890625], [8.6123046875, -5.52655029296875], [8.837890625, -5.9197845458984375], [9.0546875, -6.3377532958984375], [9.26953125, -6.777740478515625], [9.474609375, -7.242340087890625], [9.671875, -7.730560302734375], [9.8583984375, -8.239059448242188], [10.03515625, -8.77008056640625], [10.2158203125, -9.378662109375], [10.3701171875, -9.955947875976562], [10.5146484375, -10.554580688476562], [10.6455078125, -11.174896240234375]], "72855b36-d0e5-4713-b246-867e201fed11": [[30.9306640625, -17.94580078125], [30.9287109375, -17.815643310546875], [30.9296875, -17.692047119140625], [30.9267578125, -17.571487426757812], [30.9267578125, -17.452285766601562], [30.9296875, -17.346786499023438], [30.92578125, -17.260116577148438], [30.923828125, -17.14501953125], [30.9228515625, -17.0672607421875], [30.92578125, -16.980850219726562], [30.92578125, -16.937484741210938], [30.92578125, -16.86724853515625], [30.921875, -16.805557250976562], [30.91796875, -16.745452880859375], [30.9150390625, -16.69097900390625], [30.916015625, -16.638412475585938], [30.9130859375, -16.5831298828125], [30.912109375, -16.526458740234375], [30.91015625, -16.47894287109375], [30.9072265625, -16.426483154296875], [30.90234375, -16.386993408203125], [30.8994140625, -16.340972900390625], [30.896484375, -16.298675537109375], [30.892578125, -16.259048461914062], [30.8955078125, -16.23223876953125], [30.890625, -16.203887939453125], [30.8896484375, -16.190048217773438], [30.8896484375, -16.169357299804688], [30.884765625, -16.150222778320312], [30.884765625, -16.141464233398438]]}