{"492777ef-3dbc-405b-a3b1-0c218807df50": [[-0.7971566729543031, -0.6037725058036564], [-0.7892684851907231, -0.6140482540360662], [-0.7752204925467416, -0.6316907375730527], [-0.7612004856728444, -0.648516630944362], [-0.7513518004900107, -0.6599018653560689], [-0.7366134342956432, -0.6763140161309523], [-0.7207234548658645, -0.6932226926509345], [-0.7079811462035123, -0.706231333643843], [-0.6996566047265982, -0.7144792757403456], [-0.6861296000174097, -0.7274793275275588], [-0.6687731009202713, -0.7434665691781203], [-0.6572023173715283, -0.7537142124449379], [-0.6443913478883787, -0.7646958812276933], [-0.6333561831887776, -0.7738604171402899], [-0.6095975589955236, -0.7927110545884289], [-0.603129053440521, -0.7976436202314547], [-0.5877387132002536, -0.8090508049595588], [-0.5682764835933252, -0.8228376742680207], [-0.5501253124595009, -0.8350821160768181], [-0.5475825661894892, -0.8367516556334583], [-0.5196236017789511, -0.8543952905267386], [-0.5030880294448086, -0.8642351732192687], [-0.4951541607108776, -0.868805131851042], [-0.4879088961887254, -0.8728945577902864], [-0.4655593687884274, -0.8850166518960652], [-0.45413998566505676, -0.8909303415083258], [-0.4476675015855738, -0.8942000939522039], [-0.4246786597134641, -0.9053441533383731], [-0.403820428569596, -0.914838270663109], [-0.3871065827594151, -0.922034974165475]], "e879f99c-d4d0-4062-afd7-8c4b32c90353": [[-0.02345148774193061, 0.9997249760422564], [-0.02345148774193061, 0.9997249760422564], [-0.02345148774193061, 0.9997249760422564], [-0.02345148774193061, 0.9997249760422564], [-0.02345148774193061, 0.9997249760422564], [-0.02345148774193061, 0.9997249760422564], [-0.02345148774193061, 0.9997249760422564], [-0.02345148774193061, 0.9997249760422564], [-0.02345148774193061, 0.9997249760422564], [-0.02345148774193061, 0.9997249760422564], [-0.02345148774193061, 0.9997249760422564], [-0.02345148774193061, 0.9997249760422564], [-0.02345148774193061, 0.9997249760422564], [-0.02345148774193061, 0.9997249760422564], [-0.02345148774193061, 0.9997249760422564], [-0.02345148774193061, 0.9997249760422564], [-0.02345148774193061, 0.9997249760422564], [-0.02345148774193061, 0.9997249760422564], [-0.02345148774193061, 0.9997249760422564], [-0.02345148774193061, 0.9997249760422564], [-0.02345148774193061, 0.9997249760422564], [-0.02345148774193061, 0.9997249760422564], [-0.02345148774193061, 0.9997249760422564], [-0.02345148774193061, 0.9997249760422564], [-0.02345148774193061, 0.9997249760422564], [-0.02345148774193061, 0.9997249760422564], [-0.02345148774193061, 0.9997249760422564], [-0.02345148774193061, 0.9997249760422564], [-0.02345148774193061, 0.9997249760422564], [-0.02345148774193061, 0.9997249760422564]], "d5f3fd48-29e5-40c4-9677-ba92a897dc84": [[-0.0157029502663011, 0.9998767010751546], [-0.0157029502663011, 0.9998767010751546], [-0.0157029502663011, 0.9998767010751546], [-0.0157029502663011, 0.9998767010751546], [-0.0157029502663011, 0.9998767010751546], [-0.0157029502663011, 0.9998767010751546], [-0.0157029502663011, 0.9998767010751546], [-0.0157029502663011, 0.9998767010751546], [-0.0157029502663011, 0.9998767010751546], [-0.0157029502663011, 0.9998767010751546], [-0.0157029502663011, 0.9998767010751546], [-0.0157029502663011, 0.9998767010751546], [-0.0157029502663011, 0.9998767010751546], [-0.0157029502663011, 0.9998767010751546], [-0.0157029502663011, 0.9998767010751546], [-0.0157029502663011, 0.9998767010751546], [-0.0157029502663011, 0.9998767010751546], [-0.0157029502663011, 0.9998767010751546], [-0.0157029502663011, 0.9998767010751546], [-0.0157029502663011, 0.9998767010751546], [-0.0157029502663011, 0.9998767010751546], [-0.0157029502663011, 0.9998767010751546], [-0.0157029502663011, 0.9998767010751546], [-0.0157029502663011, 0.9998767010751546], [-0.0157029502663011, 0.9998767010751546], [-0.0157029502663011, 0.9998767010751546], [-0.0157029502663011, 0.9998767010751546], [-0.0157029502663011, 0.9998767010751546], [-0.0157029502663011, 0.9998767010751546], [-0.0157029502663011, 0.9998767010751546]], "424909c3-a3d2-4e8e-a340-2544bcd176a5": [[0.9999696476322191, 0.007791265256395696], [0.9999351823358568, 0.01138556660676029], [0.999898956921996, 0.014215341934134913], [0.999866536314136, 0.016337366959598563], [0.9998326611811751, 0.018293431481533864], [0.9998554057471171, 0.017004928646364242], [0.9997584143920383, 0.021979828305004716], [0.9997376694716745, 0.02290397867936819], [0.9997493933039238, 0.022386392930444678], [0.9996903750055974, 0.02488280774285493], [0.9996842283665784, 0.025128540648406493], [0.999647601664652, 0.026545667934886018], [0.9996650470582799, 0.025880372678289246], [0.9996455839666434, 0.02662154120235225], [0.9996417059618765, 0.02676676487043774], [0.9996344052919974, 0.02703804276412397], [0.9996214904428236, 0.027511376644362425], [0.9996742633475031, 0.025521896493543028], [0.999694973299135, 0.0246973755780163], [0.999730419371368, 0.02321828123588602], [0.9997957782313356, 0.02020895422326708], [0.9998785570959472, 0.015584320958152318], [0.9999328373519453, 0.011589684434367146], [0.9999377147332258, 0.011160943243918798], [0.9999696455572442, 0.007791531564421704], [0.9999922313343027, 0.0039417345220549025], [0.9999990572628371, 0.001373125426545991], [0.9999989231708245, 0.001467534391926386], [0.99997073127674, -0.007650920850586223], [0.9998287336279144, -0.018506847705674654]], "079288e5-573d-4317-8dfe-b6cb9e99844c": [[0.9034982257562288, -0.4285918291980689], [0.8980421151845495, -0.43990948995771895], [0.8918357701519171, -0.45235932518025634], [0.8846119378898988, -0.4663279096758823], [0.8765283900617117, -0.4813501650730203], [0.8674342216270835, -0.4975518778481453], [0.8570521996026071, -0.5152295868409856], [0.8452859960248358, -0.5343141257016337], [0.832409353823017, -0.554161228946908], [0.8166918129660269, -0.5770740703187627], [0.8004355533050582, -0.5994188226984746], [0.782200322091421, -0.6230270107467872], [0.7624543183486143, -0.6470420484261822], [0.7410178316181351, -0.6714853484804841], [0.7174850383487689, -0.6965739154932991], [0.6920274891668245, -0.721871147946405], [0.6654855888403447, -0.7464106986410496], [0.6376856651674931, -0.7702966911780758], [0.6080574066479192, -0.7938930596878946], [0.5764814534638294, -0.8171102335745347], [0.5444844665412755, -0.8387709256377827], [0.5123466650329865, -0.8587787228556473], [0.47945496225337725, -0.8775664870370863], [0.44553416467438467, -0.8952649373832856], [0.4113073552056763, -0.9114967139566174], [0.37773890005024063, -0.9259121574905658], [0.34294792300053667, -0.9393544177303995], [0.3122402470330841, -0.950003172696133], [0.2821231667700624, -0.9593781938170325], [0.25320993933535796, -0.9674113533661802]],