{"acc": 0.8373342958034664, "loss": 0.210149012532792, "_timestamp": 1711148263.2694943, "_runtime": 3.3916282653808594, "_step": 7, "_wandb": {"runtime": 2}}