{"8b9e3526-42a2-44d7-ada4-a196677aef87": [0.25098039215686274, 0.9411764705882353, 0.25098039215686274], "ca3a318f-fe84-4c33-94d2-f363f3bd9783": [0.03137254901960784, 0.8470588235294118, 0.18823529411764706], "d5db0529-758c-48c9-bb02-2ed766225d53": [0.1568627450980392, 0.6588235294117647, 0.3764705882352941]}