{"64421bb0-5ac5-461b-ada3-aab60116b0de": [0.12549019607843137, 0.6901960784313725, 0.0], "35f7048f-9817-4816-97f6-7c6a026dd7ba": [0.03137254901960784, 0.06274509803921569, 0.09411764705882353], "07692daa-70cc-4330-acc3-9a52abe7efee": [0.12549019607843137, 0.3137254901960784, 0.09411764705882353], "792bdad8-18a8-42d0-8309-3f68bc2b5f02": [0.03137254901960784, 0.8156862745098039, 0.09411764705882353], "1f6c78a7-67b4-45e6-838e-6f48894e0989": [0.06274509803921569, 0.9411764705882353, 0.09411764705882353], "53d45304-aecd-41f6-be4a-f287e9689d44": [0.06274509803921569, 0.3137254901960784, 0.12549019607843137], "df284e52-ccae-461c-9b08-caa64bc38cbc": [0.12549019607843137, 0.1568627450980392, 0.1568627450980392], "a71a4e3e-af54-4f91-b109-907ba7c9111b": [0.03137254901960784, 0.5333333333333333, 0.1568627450980392], "4839922d-d8b6-4a9a-9f8a-9cc092712606": [0.09411764705882353, 0.0, 0.18823529411764706], "e4702526-e5dd-4a97-89a1-144c0b1bd699": [0.12549019607843137, 0.596078431372549, 0.18823529411764706], "a8c83da2-a693-40b2-a095-f2ded44912be": [0.03137254901960784, 0.9725490196078431, 0.18823529411764706], "95df4539-3a44-4c97-8da7-173e03733993": [0.03137254901960784, 0.06274509803921569, 0.2196078431372549], "4b3f8751-14d2-4c2d-a332-bf7f8cd67f7c": [0.06274509803921569, 0.2823529411764706, 0.2196078431372549], "5379be54-c2a6-4e85-b92e-4d54ebe59b04": [0.03137254901960784, 0.8156862745098039, 0.2196078431372549], "4e4744bf-6bec-449c-a0f9-97f4f15206e6": [0.12549019607843137, 0.0, 0.25098039215686274], "e80bd5df-89f7-4c41-9fdd-6e658a9fe5e0": [0.09411764705882353, 0.7215686274509804, 0.25098039215686274], "696593e4-26cf-47f5-ac30-ebf284226f51": [0.03137254901960784, 0.4392156862745098, 0.2823529411764706], "0556ea04-dd86-47f3-b524-c67bfd0f81bc": [0.09411764705882353, 0.9411764705882353, 0.2823529411764706], "3964a051-40a3-480d-a0db-58d7ac61c919": [0.09411764705882353, 0.40784313725490196, 0.3137254901960784], "85d1b73a-1f3b-4ba5-9927-a9303fa9c964": [0.12549019607843137, 0.6588235294117647, 0.3137254901960784], "b05c37fe-41f3-4311-9295-99c0319df4f5": [0.12549019607843137, 0.7215686274509804, 0.34509803921568627], "a968a7d4-a7f9-46ff-b769-d63475501c4d": [0.06274509803921569, 0.7843137254901961, 0.3764705882352941], "114552db-4997-4392-92e5-1b42873cc94a": [0.12549019607843137, 0.9098039215686274, 0.40784313725490196], "fff3d117-46b2-4b52-98d1-ab81cb8883ca": [0.03137254901960784, 0.0, 0.4392156862745098], "b056cd67-cd8f-4c89-ba78-1345f8de7de8": [0.03137254901960784, 0.25098039215686274, 0.47058823529411764], "84698a56-f996-4c63-8d4d-80e814c6b4cf": [0.06274509803921569, 0.47058823529411764, 0.47058823529411764], "56744047-6169-4821-b858-252779444794": [0.09411764705882353, 0.8784313725490196, 0.47058823529411764], "9bf9563f-4671-49da-8679-d3bb36f20580": [0.09411764705882353, 0.47058823529411764, 0.5019607843137255], "3235699f-de52-4a32-9944-e77cfa3de288": [0.09411764705882353, 0.06274509803921569, 0.5333333333333333], "46083448-bc13-4cb5-ac86-4125dc2e8134": [0.06274509803921569, 0.40784313725490196, 0.5333333333333333], "e056b717-34ec-4292-b652-b84f17a79f36": [0.12549019607843137, 0.4392156862745098, 0.5333333333333333], "69c9e128-5c36-4988-ad39-110f8d687842": [0.09411764705882353, 0.8156862745098039, 0.5333333333333333], "1c601dac-8aab-449c-b378-bfa891fb3caa": [0.06274509803921569, 0.1568627450980392, 0.5647058823529412], "cc204675-7109-4b5a-80f2-a1332c79a731": [0.09411764705882353, 0.2823529411764706, 0.5647058823529412], "71743202-7f8d-4fa2-96f0-514bc4208316": [0.03137254901960784, 0.8784313725490196, 0.5647058823529412], "7d65d606-8a8f-46ab-b10f-68de3c910127": [0.09411764705882353, 0.5647058823529412, 0.596078431372549], "b35d1952-9191-43ea-8369-3c9f9954e91a": [0.12549019607843137, 0.596078431372549, 0.596078431372549], "8cc22f69-76c0-4f2e-afc1-02eb11424611": [0.12549019607843137, 0.7529411764705882, 0.596078431372549], "9cf585c4-a86c-49d5-b1ee-735459a19854": [0.03137254901960784, 0.2823529411764706, 0.6274509803921569], "06044bd6-cffc-4b1e-9451-06b6279f36da": [0.06274509803921569, 0.06274509803921569, 0.6588235294117647], "0bf63b86-674f-407a-ae8b-49550fdb46ec": [0.12549019607843137, 0.9725490196078431, 0.6588235294117647], "c5a637fa-d26a-49b2-83ce-0709b9b8fc8e": [0.03137254901960784, 0.9098039215686274, 0.7529411764705882], "d43cc764-560c-4f39-8c0c-1d62100ca3ab": [0.03137254901960784, 0.06274509803921569, 0.7843137254901961], "736a672d-06ad-4f0c-bf52-2872ffdc65d9": [0.06274509803921569, 0.2823529411764706, 0.7843137254901961], "1f0c9da9-2a3b-4a16-a15f-dfcdfb2e04ca": [0.03137254901960784, 0.8156862745098039, 0.7843137254901961], "a77ff607-625f-4695-ae40-d82a92bb09b0": [0.06274509803921569, 0.5333333333333333, 0.8156862745098039], "e3ea1db0-0d9f-48d9-aa5b-bffece5e49dc": [0.12549019607843137, 0.6901960784313725, 0.8156862745098039], "d0dee3f6-e907-44ed-a580-17cb4b34f73e": [0.06274509803921569, 0.1568627450980392, 0.8784313725490196], "33302544-f81d-43ec-ac3c-ec73c3d76065": [0.03137254901960784, 0.6901960784313725, 0.8784313725490196], "b09d5d1a-1a17-4686-8f0a-2f040e634d21": [0.06274509803921569, 0.8156862745098039, 0.8784313725490196], "5b358fae-cfdd-43e0-bdc1-a385cab8305c": [0.06274509803921569, 0.40784313725490196, 0.9098039215686274], "4a28ccb1-a9ef-41aa-a85e-68249fcf3014": [0.12549019607843137, 0.4392156862745098, 0.9098039215686274], "33c0462e-7bcd-49bb-8882-e9266e591cd5": [0.12549019607843137, 0.5333333333333333, 0.9725490196078431], "d8748153-a116-4e8d-aab5-9a08a1ce1663": [0.12549019607843137, 0.6588235294117647, 0.9725490196078431]}