{"b03b7f24-10d4-4c39-9b3f-d8564b335d2f": [0.06274509803921569, 0.47058823529411764, 0.0], "790a486a-90f1-47eb-b0d0-0bf2530007e5": [0.12549019607843137, 0.12549019607843137, 0.03137254901960784], "de388da3-878d-498b-ba3d-f3dbe196d20f": [0.06274509803921569, 0.5333333333333333, 0.06274509803921569], "0156c872-2e98-4ed2-b2d5-dbe2141af914": [0.06274509803921569, 0.8470588235294118, 0.06274509803921569], "27281dec-5106-45ed-830f-c45690fc3352": [0.03137254901960784, 0.0, 0.09411764705882353], "9d05d899-fb10-463f-8c4c-20599eb0b94e": [0.06274509803921569, 0.2823529411764706, 0.12549019607843137], "3ba6357a-ac31-4477-a25c-35f74c810603": [0.06274509803921569, 0.47058823529411764, 0.12549019607843137], "422c9f36-7a84-4d5c-9d79-c0e4b4b3ee15": [0.06274509803921569, 0.25098039215686274, 0.18823529411764706], "82458660-b9fb-4554-85b7-2aa6d3622834": [0.03137254901960784, 0.8470588235294118, 0.18823529411764706], "2ad804d5-c233-49e8-b19b-acd1bf5f37cc": [0.03137254901960784, 0.0, 0.2196078431372549], "baec61e1-1d65-4788-85a0-15c6362803fd": [0.06274509803921569, 0.3137254901960784, 0.2196078431372549], "f0fb6b92-f430-4564-a49e-075a5176b110": [0.06274509803921569, 0.2196078431372549, 0.25098039215686274], "d41a2cc7-4d25-4ec0-9db8-3dcef27546a6": [0.03137254901960784, 0.6274509803921569, 0.25098039215686274], "fc3b7634-bde6-46a6-960a-ce5015a00a4e": [0.03137254901960784, 0.03137254901960784, 0.3137254901960784], "5b7f1540-5013-4aba-b805-dcbf3c9f3ab7": [0.03137254901960784, 0.2823529411764706, 0.34509803921568627], "428b850a-cf5e-4c00-ae50-e1109a029880": [0.03137254901960784, 0.5019607843137255, 0.3764705882352941], "ceea6b41-ffe9-4ccd-ad19-7502eb84887f": [0.06274509803921569, 0.6274509803921569, 0.3764705882352941], "ec3c339d-20b8-4e9a-b9dc-abf83adea724": [0.09411764705882353, 0.8470588235294118, 0.3764705882352941], "36f33a2a-2fe5-4033-8145-09f48db37ada": [0.09411764705882353, 0.5333333333333333, 0.40784313725490196], "04cb4e11-6a20-452f-988d-537d8f80a468": [0.12549019607843137, 0.7529411764705882, 0.40784313725490196], "7c6a2bd9-56cb-4e35-8f09-fa771504d30a": [0.06274509803921569, 0.4392156862745098, 0.5333333333333333], "1483c9ae-0e78-4f51-97cf-ac7edd414aef": [0.09411764705882353, 0.5333333333333333, 0.5333333333333333], "7407a871-2141-4931-b442-5e1ba17ee806": [0.06274509803921569, 0.5647058823529412, 0.5333333333333333], "d4b0d7af-0ea3-4337-bba1-6a5ee57fb577": [0.12549019607843137, 0.7529411764705882, 0.5333333333333333], "24d309e1-70a0-4d85-a036-4cb977a23231": [0.12549019607843137, 0.4392156862745098, 0.596078431372549], "74a3b891-d912-47d7-a860-8e7e7a12945c": [0.06274509803921569, 0.09411764705882353, 0.6588235294117647], "7c9908e9-aefa-4d0a-80f8-3456c8f57135": [0.12549019607843137, 0.1568627450980392, 0.6588235294117647], "ace27b3e-cec8-47f3-99de-c23f32b65343": [0.12549019607843137, 0.34509803921568627, 0.6588235294117647], "1fe2c647-d9f8-4eb6-967f-a19c9ce8a6d8": [0.09411764705882353, 0.3137254901960784, 0.6901960784313725], "de30bf40-5ab7-4209-86fe-8115a25c3b81": [0.12549019607843137, 0.09411764705882353, 0.7215686274509804], "41bb4140-e432-47d2-a7a6-e587c31257d0": [0.06274509803921569, 0.40784313725490196, 0.7215686274509804], "a24d6eb2-4a90-487d-a689-0d4cab31e616": [0.12549019607843137, 0.5647058823529412, 0.7215686274509804], "e5b1e2e6-a245-4574-9437-f0723f66ae92": [0.09411764705882353, 0.18823529411764706, 0.8156862745098039], "b95e5c82-39a8-466f-b4f5-140a1ea1ac08": [0.03137254901960784, 0.4392156862745098, 0.8156862745098039], "9d436f58-b5fd-4de4-81b8-0d6d68af581b": [0.09411764705882353, 0.9411764705882353, 0.8156862745098039], "6193a3cb-5e6c-4b82-bf86-46b74eee1f8a": [0.12549019607843137, 0.09411764705882353, 0.8470588235294118], "b6831e29-d8a6-4899-abb2-b22c33e08388": [0.06274509803921569, 0.12549019607843137, 0.8470588235294118], "37e1ca53-34bb-4adf-a2b7-c25523cf5a8d": [0.03137254901960784, 0.8784313725490196, 0.8784313725490196], "23ae694d-e7f6-44b4-871a-ccb29f99118f": [0.12549019607843137, 0.596078431372549, 0.9098039215686274], "6559c0ac-fda9-4384-bc4b-050be9998f2f": [0.03137254901960784, 0.9725490196078431, 0.9098039215686274]}