{"0a485cef-e1cf-4c3c-932c-0bf1c5d059eb": [0.09411764705882353, 0.25098039215686274, 0.09411764705882353], "73886b86-bdda-4586-aac5-e556d9472374": [0.12549019607843137, 0.3137254901960784, 0.09411764705882353], "f609189c-cf6e-4258-93dd-943f7a065b2d": [0.03137254901960784, 0.8156862745098039, 0.09411764705882353], "16651fa7-0d0f-4219-bb4a-fb5cb8153c44": [0.03137254901960784, 0.8470588235294118, 0.09411764705882353], "34a238ca-6c9e-4e3b-8efd-534bba9a9971": [0.03137254901960784, 0.5333333333333333, 0.1568627450980392], "a6d8c58c-c6ca-4d56-805a-578de27b8f38": [0.12549019607843137, 0.596078431372549, 0.18823529411764706], "8ef8c8fc-0153-4bbd-82bd-44d6f0db687d": [0.06274509803921569, 0.2823529411764706, 0.2196078431372549], "43e578cc-fb29-49e6-bd44-8a7a111c9b18": [0.12549019607843137, 0.0, 0.25098039215686274], "8281c480-c020-4784-8ae1-3372742db70a": [0.09411764705882353, 0.7215686274509804, 0.25098039215686274], "ce6ebd54-fb70-4a75-849a-8e6856c86018": [0.09411764705882353, 0.18823529411764706, 0.2823529411764706], "05b3fd5f-a428-42b8-915e-89132e23c024": [0.09411764705882353, 0.9411764705882353, 0.2823529411764706], "f0b03f03-ed25-47aa-8e99-4399b48a72ca": [0.09411764705882353, 0.40784313725490196, 0.3137254901960784], "3d33a66e-9ce3-4091-a2d0-b5cb8c9c1706": [0.12549019607843137, 0.6588235294117647, 0.3137254901960784], "f04655ea-183e-423c-8d4c-66f658259bab": [0.12549019607843137, 0.7215686274509804, 0.34509803921568627], "61e32ca8-d099-4085-b829-0b7d52492431": [0.03137254901960784, 0.0, 0.4392156862745098], "51552aed-03ca-4c73-b360-5aa3f7bf3ffb": [0.03137254901960784, 0.25098039215686274, 0.47058823529411764], "263f2582-e2e5-4e09-aa69-a09c7d402852": [0.09411764705882353, 0.3137254901960784, 0.5019607843137255], "8c8748ae-b0f4-46e2-8024-5a130c0a0694": [0.09411764705882353, 0.47058823529411764, 0.5019607843137255], "fb80b3f7-9fc9-48be-8eb9-d9a3bacd1ac9": [0.09411764705882353, 0.8156862745098039, 0.5333333333333333], "056bea82-2a69-4485-b0ed-440724be6cb8": [0.09411764705882353, 0.2823529411764706, 0.5647058823529412], "86db9316-ca4a-43e0-9a13-ee84f4e898a7": [0.03137254901960784, 0.8784313725490196, 0.5647058823529412], "a4c0d878-fd64-4552-aeb0-4ff728f9d63e": [0.09411764705882353, 0.5647058823529412, 0.596078431372549], "e7afc7f8-3725-4627-8445-9c4db1d061bc": [0.12549019607843137, 0.7529411764705882, 0.596078431372549], "8c4255ed-1f7a-47ab-b24c-27f2f94cd2d8": [0.12549019607843137, 0.8784313725490196, 0.6274509803921569], "f4968a5f-4cd7-4982-9ac3-f8cf51d832c4": [0.06274509803921569, 0.06274509803921569, 0.6588235294117647], "c9950a5f-0496-4145-b8eb-ac508be43654": [0.12549019607843137, 0.9725490196078431, 0.6588235294117647], "e94cb911-194f-43df-98fe-077e80ea75f2": [0.06274509803921569, 0.0, 0.6901960784313725], "a50df70d-123e-412f-af5b-0c96d3b839d1": [0.06274509803921569, 0.34509803921568627, 0.7215686274509804], "f8073275-693e-44ff-af7f-eaf28891964a": [0.03137254901960784, 0.06274509803921569, 0.7843137254901961], "26adda23-286f-49a6-899d-468ad2695982": [0.03137254901960784, 0.8156862745098039, 0.7843137254901961], "e0fcb32f-6a24-4337-947f-97a2ed817c1a": [0.06274509803921569, 0.9411764705882353, 0.7843137254901961], "5cce62bc-ec58-4427-9585-911e480b3d18": [0.09411764705882353, 0.1568627450980392, 0.8156862745098039], "5e711c37-12bd-4f66-ab91-6d9fe2b4cdf1": [0.03137254901960784, 0.2823529411764706, 0.8156862745098039], "d2ae4088-e7c3-47f5-b19f-8bd4a4713026": [0.03137254901960784, 0.47058823529411764, 0.8156862745098039], "cc5c891a-0ff9-4823-b5ce-861837839c31": [0.03137254901960784, 0.2196078431372549, 0.8470588235294118], "af4a52f8-2ebe-4e18-a9ae-7db15add060a": [0.03137254901960784, 0.5019607843137255, 0.8470588235294118], "43fc4287-822f-46fc-a7d5-399bec58bfec": [0.06274509803921569, 0.6274509803921569, 0.8470588235294118], "a398a6de-bdcc-41fa-8cac-69f546384f42": [0.09411764705882353, 0.8470588235294118, 0.8470588235294118], "59817689-814f-4fa1-a7c5-a89f650faf35": [0.06274509803921569, 0.1568627450980392, 0.8784313725490196], "21b96fb3-0b02-409a-a29b-250cd188d672": [0.09411764705882353, 0.3137254901960784, 0.8784313725490196], "8a66f948-acf2-4ad7-ba82-620f5aae3e43": [0.06274509803921569, 0.40784313725490196, 0.9098039215686274], "420a15ec-1166-4494-b167-f2e03f193976": [0.12549019607843137, 0.4392156862745098, 0.9098039215686274], "2830c288-995a-4139-a677-04ad6066d131": [0.12549019607843137, 0.5333333333333333, 0.9725490196078431]}