{"adb49061-afe4-468c-9218-f6db9a8f6347": [0.03137254901960784, 0.1568627450980392, 0.5333333333333333], "fb3ff96b-0262-4804-8112-7ab2f2009c98": [0.09411764705882353, 0.6588235294117647, 0.8156862745098039], "fefcc6b8-91ef-407c-bbc8-fcc6f0567477": [0.09411764705882353, 0.34509803921568627, 0.9098039215686274]}