{"e8c1ebf9-d9bd-48e9-9e1a-351e554ccd4f": [0.12549019607843137, 0.34509803921568627, 0.0], "cedfd30d-3ab0-4114-a656-392b459e3445": [0.03137254901960784, 0.06274509803921569, 0.09411764705882353], "0a485cef-e1cf-4c3c-932c-0bf1c5d059eb": [0.09411764705882353, 0.25098039215686274, 0.09411764705882353], "73886b86-bdda-4586-aac5-e556d9472374": [0.12549019607843137, 0.3137254901960784, 0.09411764705882353], "f609189c-cf6e-4258-93dd-943f7a065b2d": [0.03137254901960784, 0.8156862745098039, 0.09411764705882353], "16651fa7-0d0f-4219-bb4a-fb5cb8153c44": [0.03137254901960784, 0.8470588235294118, 0.09411764705882353], "4a89267a-119a-4ea4-a07b-70e520932cfc": [0.06274509803921569, 0.3137254901960784, 0.12549019607843137], "34a238ca-6c9e-4e3b-8efd-534bba9a9971": [0.03137254901960784, 0.5333333333333333, 0.1568627450980392], "f4b0a7ac-b011-4c06-a0ba-06031411f57f": [0.12549019607843137, 0.9411764705882353, 0.1568627450980392], "da31e3df-43eb-4d26-acb0-e43bea8c9123": [0.09411764705882353, 0.0, 0.18823529411764706], "e0a4b08b-a2d8-4615-a4c1-ac71c321bf25": [0.12549019607843137, 0.25098039215686274, 0.18823529411764706], "a6d8c58c-c6ca-4d56-805a-578de27b8f38": [0.12549019607843137, 0.596078431372549, 0.18823529411764706], "4e38ae23-41dc-4dc8-9a74-988b7d3610aa": [0.09411764705882353, 0.4392156862745098, 0.2196078431372549], "43e578cc-fb29-49e6-bd44-8a7a111c9b18": [0.12549019607843137, 0.0, 0.25098039215686274], "003dadcf-4441-48d3-8832-ffbd43815e1f": [0.12549019607843137, 0.2196078431372549, 0.25098039215686274], "742710b9-e309-4018-87ce-00180f0ae0ad": [0.06274509803921569, 0.596078431372549, 0.25098039215686274], "8281c480-c020-4784-8ae1-3372742db70a": [0.09411764705882353, 0.7215686274509804, 0.25098039215686274], "ce6ebd54-fb70-4a75-849a-8e6856c86018": [0.09411764705882353, 0.18823529411764706, 0.2823529411764706], "8cd50c8d-c0d6-434b-a3fc-15ff02f19144": [0.03137254901960784, 0.7529411764705882, 0.2823529411764706], "05b3fd5f-a428-42b8-915e-89132e23c024": [0.09411764705882353, 0.9411764705882353, 0.2823529411764706], "f0b03f03-ed25-47aa-8e99-4399b48a72ca": [0.09411764705882353, 0.40784313725490196, 0.3137254901960784], "3d33a66e-9ce3-4091-a2d0-b5cb8c9c1706": [0.12549019607843137, 0.6588235294117647, 0.3137254901960784], "71cf2a0b-d56a-4167-a647-5e3f6b622d3d": [0.09411764705882353, 0.6588235294117647, 0.34509803921568627], "f04655ea-183e-423c-8d4c-66f658259bab": [0.12549019607843137, 0.7215686274509804, 0.34509803921568627], "49d10a5b-0aa1-4f4d-ab68-79d341c1f1e9": [0.12549019607843137, 0.8784313725490196, 0.34509803921568627], "df69c5f6-ae74-4262-9bab-e6a92773c426": [0.06274509803921569, 0.4392156862745098, 0.3764705882352941], "9208c987-4875-441c-b06c-f6088afc5abf": [0.06274509803921569, 0.7843137254901961, 0.3764705882352941], "61e32ca8-d099-4085-b829-0b7d52492431": [0.03137254901960784, 0.0, 0.4392156862745098], "51552aed-03ca-4c73-b360-5aa3f7bf3ffb": [0.03137254901960784, 0.25098039215686274, 0.47058823529411764], "263f2582-e2e5-4e09-aa69-a09c7d402852": [0.09411764705882353, 0.3137254901960784, 0.5019607843137255], "8c8748ae-b0f4-46e2-8024-5a130c0a0694": [0.09411764705882353, 0.47058823529411764, 0.5019607843137255], "c22993ec-200e-454c-b180-2cdda69bfede": [0.06274509803921569, 0.40784313725490196, 0.5333333333333333], "09ce29a5-8cc1-4e75-b70c-38489856ed52": [0.12549019607843137, 0.5647058823529412, 0.5333333333333333], "fb80b3f7-9fc9-48be-8eb9-d9a3bacd1ac9": [0.09411764705882353, 0.8156862745098039, 0.5333333333333333], "16af4007-22aa-4b13-b3a2-319b5be504ac": [0.12549019607843137, 0.3764705882352941, 0.5647058823529412], "a4c0d878-fd64-4552-aeb0-4ff728f9d63e": [0.09411764705882353, 0.5647058823529412, 0.596078431372549], "ee339b38-83e0-45c5-a983-d1b16e86ba3d": [0.12549019607843137, 0.596078431372549, 0.596078431372549], "e7afc7f8-3725-4627-8445-9c4db1d061bc": [0.12549019607843137, 0.7529411764705882, 0.596078431372549], "8c4255ed-1f7a-47ab-b24c-27f2f94cd2d8": [0.12549019607843137, 0.8784313725490196, 0.6274509803921569], "f4968a5f-4cd7-4982-9ac3-f8cf51d832c4": [0.06274509803921569, 0.06274509803921569, 0.6588235294117647], "cc7490fb-4f17-47e9-a9ca-d7e459f13d18": [0.12549019607843137, 0.09411764705882353, 0.6588235294117647], "c9950a5f-0496-4145-b8eb-ac508be43654": [0.12549019607843137, 0.9725490196078431, 0.6588235294117647], "e94cb911-194f-43df-98fe-077e80ea75f2": [0.06274509803921569, 0.0, 0.6901960784313725], "a50df70d-123e-412f-af5b-0c96d3b839d1": [0.06274509803921569, 0.34509803921568627, 0.7215686274509804], "0b02d94b-1224-491d-a15a-c0673552072f": [0.03137254901960784, 0.6588235294117647, 0.7529411764705882], "3091b722-d51b-4e5f-89db-544c094b661c": [0.03137254901960784, 0.9098039215686274, 0.7529411764705882], "f8073275-693e-44ff-af7f-eaf28891964a": [0.03137254901960784, 0.06274509803921569, 0.7843137254901961], "26adda23-286f-49a6-899d-468ad2695982": [0.03137254901960784, 0.8156862745098039, 0.7843137254901961], "e0fcb32f-6a24-4337-947f-97a2ed817c1a": [0.06274509803921569, 0.9411764705882353, 0.7843137254901961], "5cce62bc-ec58-4427-9585-911e480b3d18": [0.09411764705882353, 0.1568627450980392, 0.8156862745098039], "5e711c37-12bd-4f66-ab91-6d9fe2b4cdf1": [0.03137254901960784, 0.2823529411764706, 0.8156862745098039], "d2ae4088-e7c3-47f5-b19f-8bd4a4713026": [0.03137254901960784, 0.47058823529411764, 0.8156862745098039], "c0676b4b-5e99-435d-8296-3650ecf073e4": [0.12549019607843137, 0.12549019607843137, 0.8470588235294118], "cc5c891a-0ff9-4823-b5ce-861837839c31": [0.03137254901960784, 0.2196078431372549, 0.8470588235294118], "af4a52f8-2ebe-4e18-a9ae-7db15add060a": [0.03137254901960784, 0.5019607843137255, 0.8470588235294118], "43fc4287-822f-46fc-a7d5-399bec58bfec": [0.06274509803921569, 0.6274509803921569, 0.8470588235294118], "a398a6de-bdcc-41fa-8cac-69f546384f42": [0.09411764705882353, 0.8470588235294118, 0.8470588235294118], "59817689-814f-4fa1-a7c5-a89f650faf35": [0.06274509803921569, 0.1568627450980392, 0.8784313725490196], "21b96fb3-0b02-409a-a29b-250cd188d672": [0.09411764705882353, 0.3137254901960784, 0.8784313725490196], "90d6fda5-8254-42f1-9c8f-c694c4aea297": [0.03137254901960784, 0.6901960784313725, 0.8784313725490196], "f994792d-f445-4d8f-942b-15f28d905593": [0.06274509803921569, 0.25098039215686274, 0.9098039215686274], "8a66f948-acf2-4ad7-ba82-620f5aae3e43": [0.06274509803921569, 0.40784313725490196, 0.9098039215686274], "420a15ec-1166-4494-b167-f2e03f193976": [0.12549019607843137, 0.4392156862745098, 0.9098039215686274], "7f6f7415-ec54-48b0-adbe-7734ebdbb0f9": [0.12549019607843137, 0.5647058823529412, 0.9098039215686274], "2830c288-995a-4139-a677-04ad6066d131": [0.12549019607843137, 0.5333333333333333, 0.9725490196078431], "3fe3428b-91c3-40a2-a78c-a7a8673b72c5": [0.12549019607843137, 0.6588235294117647, 0.9725490196078431]}