{"acc": 0.8429905454796164, "loss": 0.2209673195924965, "_timestamp": 1711148277.1321886, "_runtime": 3.2441465854644775, "_step": 7, "_wandb": {"runtime": 2}}