{"c6e9c652-de2b-4fdb-996b-a592e273acd9": [0.06274509803921569, 0.12549019607843137, 0.0], "a1fb0eec-3850-4fef-b0b2-8660491199db": [0.03137254901960784, 0.7843137254901961, 0.03137254901960784], "65bc91b6-793a-4b2f-926c-75224a3cee24": [0.03137254901960784, 0.8470588235294118, 0.06274509803921569], "b9a3e6e3-afc8-4e6d-82fb-f4f66f6bcc5f": [0.03137254901960784, 0.0, 0.09411764705882353], "5b6239a5-79db-48b1-ac18-1842bbf67295": [0.12549019607843137, 0.3137254901960784, 0.09411764705882353], "684f29c2-d608-4d93-b71b-df4a6f788ddf": [0.03137254901960784, 0.8156862745098039, 0.09411764705882353], "706eb3b4-f770-43ac-abf4-4ff3cbfcff13": [0.06274509803921569, 0.9411764705882353, 0.09411764705882353], "39de6dcd-ba4e-4bed-b3c3-5acce27d75a4": [0.12549019607843137, 0.1568627450980392, 0.1568627450980392], "4c4916bc-fa48-400c-b814-52e0888205e9": [0.09411764705882353, 0.6901960784313725, 0.1568627450980392], "88489c23-650b-4960-b006-35d7889261b1": [0.12549019607843137, 0.9411764705882353, 0.1568627450980392], "8fe74abb-6e5c-4a0c-8ed8-ad2560cb1fac": [0.09411764705882353, 0.0, 0.18823529411764706], "bfd617bb-4cd3-4faf-a57e-efea62153eb2": [0.03137254901960784, 0.0, 0.2196078431372549], "a350e7c0-3e40-41fd-bca9-b01e9655fbe2": [0.06274509803921569, 0.2823529411764706, 0.2196078431372549], "6a143971-2dbf-49a9-918f-18f978106d76": [0.06274509803921569, 0.3137254901960784, 0.2196078431372549], "c379b8b5-f146-4703-b6e9-7b076536e327": [0.12549019607843137, 0.3137254901960784, 0.2196078431372549], "2b368351-fefc-418f-8a50-77e6d9be128c": [0.03137254901960784, 0.8156862745098039, 0.2196078431372549], "2ca5a1db-3a50-4866-a530-bab69ad73999": [0.12549019607843137, 0.0, 0.25098039215686274], "a573228c-7c65-4385-95ee-28e5ee79681a": [0.09411764705882353, 0.7215686274509804, 0.25098039215686274], "87e40264-9555-4ae8-aa8d-e3c77fdfcbf7": [0.09411764705882353, 0.18823529411764706, 0.2823529411764706], "97ff2c35-49c7-4f78-98f5-e70c08922da9": [0.03137254901960784, 0.5647058823529412, 0.2823529411764706], "bd987dbc-0bbb-4dcd-8e99-8c7e09de76a6": [0.09411764705882353, 0.9411764705882353, 0.2823529411764706], "b6ea6935-f390-4503-984e-9df071a0f66b": [0.09411764705882353, 0.25098039215686274, 0.3137254901960784], "30c8b37b-92ad-4a88-ba31-19ef6cdce927": [0.12549019607843137, 0.3137254901960784, 0.3137254901960784], "ffa7eb1d-2403-479c-b591-760f8d11dc4d": [0.09411764705882353, 0.47058823529411764, 0.34509803921568627], "f6cb6fb9-b0d4-498d-b57d-d96b4b846c1f": [0.06274509803921569, 0.5333333333333333, 0.34509803921568627], "bb88b3ff-c230-4c1e-954d-fa2efaa41f4e": [0.09411764705882353, 0.596078431372549, 0.34509803921568627], "25e445f9-de7e-4b9c-a266-eb1857341f00": [0.12549019607843137, 0.6901960784313725, 0.34509803921568627], "cdfc33f1-b2f7-44b2-b5fc-57c888dd609f": [0.12549019607843137, 0.7215686274509804, 0.34509803921568627], "d9888ce2-9c9b-4c66-89c2-a0c14107a68d": [0.06274509803921569, 0.4392156862745098, 0.3764705882352941], "0cb1c8bc-3137-4865-bf19-f8e4ed8ff66f": [0.09411764705882353, 0.7529411764705882, 0.3764705882352941], "1ea3ab81-68a6-4729-af62-513c4465ad01": [0.03137254901960784, 0.34509803921568627, 0.40784313725490196], "64dbb159-989e-4f05-a19d-199f90d5f5b9": [0.09411764705882353, 0.5333333333333333, 0.40784313725490196], "e62fa6cf-ba69-4f1b-b5c5-bd8859b8f6ac": [0.12549019607843137, 0.7529411764705882, 0.40784313725490196], "5b508b41-9d90-4daa-863c-a3b99a2ce7b7": [0.12549019607843137, 0.9098039215686274, 0.40784313725490196], "905d50fb-dd2d-483f-95a1-bae56f085823": [0.03137254901960784, 0.0, 0.4392156862745098], "7a4108d8-1a95-4f99-8df7-b167bf25ccc8": [0.06274509803921569, 0.47058823529411764, 0.47058823529411764], "b891408c-cde1-4ea1-838b-8d3c8cde9dca": [0.06274509803921569, 0.0, 0.5019607843137255], "3489bc5c-16dc-43d5-9518-2bcacf1df8a5": [0.06274509803921569, 0.34509803921568627, 0.5333333333333333], "7ee15da9-11be-49dd-b4b4-2fcea76db586": [0.09411764705882353, 0.2823529411764706, 0.5647058823529412], "9437e4d9-4c38-4109-8f7d-6a135d4d4830": [0.09411764705882353, 0.3137254901960784, 0.5647058823529412], "64eec226-3489-47d4-91b8-a33e9f50aa00": [0.12549019607843137, 0.3764705882352941, 0.5647058823529412], "1b52b627-dca7-4907-ad63-e629bb55d51d": [0.03137254901960784, 0.6901960784313725, 0.5647058823529412], "2ca4b529-fda1-4b3f-9c1c-a92fbcf10110": [0.03137254901960784, 0.8784313725490196, 0.5647058823529412], "1a782edb-5878-4b35-a900-adbd67f19eef": [0.06274509803921569, 0.25098039215686274, 0.596078431372549], "67097ef9-220c-4a78-97ff-53441a0964ae": [0.09411764705882353, 0.34509803921568627, 0.596078431372549], "de209801-051c-49ea-a994-d550566d905e": [0.09411764705882353, 0.6588235294117647, 0.6274509803921569], "f537be7d-68bf-4b0f-ad6c-ddbe94f7c5f5": [0.03137254901960784, 0.7529411764705882, 0.6274509803921569], "34681139-99ee-4a43-9fd4-b700c37ab3fc": [0.06274509803921569, 0.8784313725490196, 0.6274509803921569], "8fbb5f08-93a6-44d0-b070-293a69ba347c": [0.12549019607843137, 0.8784313725490196, 0.6274509803921569], "c57a87e5-2861-41af-adab-2cff92b15f15": [0.03137254901960784, 0.2196078431372549, 0.6588235294117647], "7196dc02-518a-420a-b52a-2d421430efd9": [0.03137254901960784, 0.5019607843137255, 0.6588235294117647], "ccc6da63-d485-4668-ba60-0c424227f8a2": [0.06274509803921569, 0.6274509803921569, 0.6588235294117647], "29266fc9-bd30-44a9-9f6c-d6afa9ee5047": [0.12549019607843137, 0.9725490196078431, 0.6588235294117647], "828689c3-ffe6-4026-883c-a2a113e519fb": [0.06274509803921569, 0.0, 0.6901960784313725], "fb21aed5-0ea9-433f-9e53-ba08383fa097": [0.12549019607843137, 0.09411764705882353, 0.7215686274509804], "50d4e8f7-0010-4e4f-b9d0-be5e5e982d8b": [0.06274509803921569, 0.34509803921568627, 0.7215686274509804], "d86ac47d-fa23-47ee-8c48-8b51eff659c7": [0.06274509803921569, 0.7843137254901961, 0.7215686274509804], "b576b7f0-27e0-4e91-8f3e-7938c0bdd034": [0.12549019607843137, 0.3764705882352941, 0.7529411764705882], "cfbf7309-bc4c-417b-b2c8-4b3045e2f471": [0.03137254901960784, 0.9098039215686274, 0.7529411764705882], "fe3ecb62-a8e7-4964-872f-7566d2276ba9": [0.12549019607843137, 0.5333333333333333, 0.7843137254901961], "32a9e692-d4d1-436a-85c2-af0b80fba975": [0.03137254901960784, 0.2823529411764706, 0.8156862745098039], "74f5f2f2-f980-468d-8449-be4266fa9bed": [0.03137254901960784, 0.4392156862745098, 0.8156862745098039], "c8f0a713-3510-4f10-9ac9-c0f1c2d35d1e": [0.03137254901960784, 0.5647058823529412, 0.8156862745098039], "107a2414-19cf-48e4-9889-6ffd4fbcd7cb": [0.06274509803921569, 0.6901960784313725, 0.8156862745098039], "e8f7f846-923b-4415-b67f-13f966fb2afe": [0.03137254901960784, 0.5019607843137255, 0.8470588235294118], "0b9d120a-7a25-4036-84c3-e8b539696e5c": [0.06274509803921569, 0.6274509803921569, 0.8470588235294118], "2259ffa1-221c-4166-a932-a92e70b7b01d": [0.09411764705882353, 0.8470588235294118, 0.8470588235294118], "94d0d6ee-6e7e-4205-a002-b9c0f1bcd763": [0.06274509803921569, 0.1568627450980392, 0.8784313725490196], "d272ea27-a0bf-47a1-aaac-fe0a249403e8": [0.03137254901960784, 0.6901960784313725, 0.8784313725490196], "9b05edca-0b4c-4121-a5e6-3f2852008626": [0.06274509803921569, 0.34509803921568627, 0.9098039215686274], "bf806c57-9b0f-460a-9c86-5d1755925c01": [0.12549019607843137, 0.47058823529411764, 0.9411764705882353], "a09bb511-1c4a-47f0-9b63-3891c03d173e": [0.12549019607843137, 0.596078431372549, 0.9411764705882353], "dadb64cb-fe44-4a6c-a1a4-354957312df2": [0.03137254901960784, 0.03137254901960784, 0.9725490196078431], "39721ad5-598c-4893-909a-1bc0c16f00dd": [0.12549019607843137, 0.5333333333333333, 0.9725490196078431]}