{"33acd38f-b30a-48e2-98de-10a73235e7eb": [0.03137254901960784, 0.2196078431372549, 0.0], "a89eeae4-c435-4d67-96f0-8bd752a845f3": [0.03137254901960784, 0.18823529411764706, 0.03137254901960784], "ff687202-e8b2-4104-9c5d-5b9506ed0755": [0.12549019607843137, 0.40784313725490196, 0.03137254901960784], "792bdad8-18a8-42d0-8309-3f68bc2b5f02": [0.03137254901960784, 0.8156862745098039, 0.09411764705882353], "1f6c78a7-67b4-45e6-838e-6f48894e0989": [0.06274509803921569, 0.9411764705882353, 0.09411764705882353], "53d45304-aecd-41f6-be4a-f287e9689d44": [0.06274509803921569, 0.3137254901960784, 0.12549019607843137], "df284e52-ccae-461c-9b08-caa64bc38cbc": [0.12549019607843137, 0.1568627450980392, 0.1568627450980392], "a71a4e3e-af54-4f91-b109-907ba7c9111b": [0.03137254901960784, 0.5333333333333333, 0.1568627450980392], "4839922d-d8b6-4a9a-9f8a-9cc092712606": [0.09411764705882353, 0.0, 0.18823529411764706], "e4702526-e5dd-4a97-89a1-144c0b1bd699": [0.12549019607843137, 0.596078431372549, 0.18823529411764706], "a8c83da2-a693-40b2-a095-f2ded44912be": [0.03137254901960784, 0.9725490196078431, 0.18823529411764706], "95df4539-3a44-4c97-8da7-173e03733993": [0.03137254901960784, 0.06274509803921569, 0.2196078431372549], "4b3f8751-14d2-4c2d-a332-bf7f8cd67f7c": [0.06274509803921569, 0.2823529411764706, 0.2196078431372549], "4bbc4b67-eae8-4097-a548-25efe1edc7c2": [0.09411764705882353, 0.4392156862745098, 0.2196078431372549], "5379be54-c2a6-4e85-b92e-4d54ebe59b04": [0.03137254901960784, 0.8156862745098039, 0.2196078431372549], "4e4744bf-6bec-449c-a0f9-97f4f15206e6": [0.12549019607843137, 0.0, 0.25098039215686274], "e80bd5df-89f7-4c41-9fdd-6e658a9fe5e0": [0.09411764705882353, 0.7215686274509804, 0.25098039215686274], "696593e4-26cf-47f5-ac30-ebf284226f51": [0.03137254901960784, 0.4392156862745098, 0.2823529411764706], "fc9f8448-0dcc-4379-bae4-75f8f218097d": [0.12549019607843137, 0.5019607843137255, 0.2823529411764706], "0556ea04-dd86-47f3-b524-c67bfd0f81bc": [0.09411764705882353, 0.9411764705882353, 0.2823529411764706], "0587b5a6-aa79-4cce-b8cc-c56424fd73f8": [0.09411764705882353, 0.6588235294117647, 0.34509803921568627], "b05c37fe-41f3-4311-9295-99c0319df4f5": [0.12549019607843137, 0.7215686274509804, 0.34509803921568627], "92e60acf-3602-4a2d-bd90-c52d814634f2": [0.12549019607843137, 0.8784313725490196, 0.34509803921568627], "a6e7ffcc-62d3-4951-87f3-fbf8ae52d5c2": [0.06274509803921569, 0.4392156862745098, 0.3764705882352941], "a6c91748-6426-4aee-8022-b05fd799d277": [0.12549019607843137, 0.47058823529411764, 0.40784313725490196], "114552db-4997-4392-92e5-1b42873cc94a": [0.12549019607843137, 0.9098039215686274, 0.40784313725490196], "fff3d117-46b2-4b52-98d1-ab81cb8883ca": [0.03137254901960784, 0.0, 0.4392156862745098], "84698a56-f996-4c63-8d4d-80e814c6b4cf": [0.06274509803921569, 0.47058823529411764, 0.47058823529411764], "56744047-6169-4821-b858-252779444794": [0.09411764705882353, 0.8784313725490196, 0.47058823529411764], "3235699f-de52-4a32-9944-e77cfa3de288": [0.09411764705882353, 0.06274509803921569, 0.5333333333333333], "e056b717-34ec-4292-b652-b84f17a79f36": [0.12549019607843137, 0.4392156862745098, 0.5333333333333333], "1c601dac-8aab-449c-b378-bfa891fb3caa": [0.06274509803921569, 0.1568627450980392, 0.5647058823529412], "cc204675-7109-4b5a-80f2-a1332c79a731": [0.09411764705882353, 0.2823529411764706, 0.5647058823529412], "f80d64cc-273b-4235-a766-eacfbb7fa90d": [0.12549019607843137, 0.3764705882352941, 0.5647058823529412], "71743202-7f8d-4fa2-96f0-514bc4208316": [0.03137254901960784, 0.8784313725490196, 0.5647058823529412], "b35da631-ee2b-47bc-aa27-0e5df39e22e0": [0.09411764705882353, 0.34509803921568627, 0.596078431372549], "9cf585c4-a86c-49d5-b1ee-735459a19854": [0.03137254901960784, 0.2823529411764706, 0.6274509803921569], "f7c6e35c-eb83-4f2d-81fe-41ebceb20fdc": [0.09411764705882353, 0.6588235294117647, 0.6274509803921569], "0bf63b86-674f-407a-ae8b-49550fdb46ec": [0.12549019607843137, 0.9725490196078431, 0.6588235294117647], "0aceb5ca-3660-4673-ac9b-f299baa0b521": [0.06274509803921569, 0.34509803921568627, 0.7215686274509804], "c5a637fa-d26a-49b2-83ce-0709b9b8fc8e": [0.03137254901960784, 0.9098039215686274, 0.7529411764705882], "736a672d-06ad-4f0c-bf52-2872ffdc65d9": [0.06274509803921569, 0.2823529411764706, 0.7843137254901961], "1f0c9da9-2a3b-4a16-a15f-dfcdfb2e04ca": [0.03137254901960784, 0.8156862745098039, 0.7843137254901961], "a77ff607-625f-4695-ae40-d82a92bb09b0": [0.06274509803921569, 0.5333333333333333, 0.8156862745098039], "d0dee3f6-e907-44ed-a580-17cb4b34f73e": [0.06274509803921569, 0.1568627450980392, 0.8784313725490196], "33302544-f81d-43ec-ac3c-ec73c3d76065": [0.03137254901960784, 0.6901960784313725, 0.8784313725490196], "b09d5d1a-1a17-4686-8f0a-2f040e634d21": [0.06274509803921569, 0.8156862745098039, 0.8784313725490196], "cc962620-3852-47be-b69c-c004436a81b4": [0.12549019607843137, 0.5647058823529412, 0.9098039215686274], "8a3438a8-32b2-4b49-8b01-299fe8ff5202": [0.12549019607843137, 0.7843137254901961, 0.9098039215686274], "d8748153-a116-4e8d-aab5-9a08a1ce1663": [0.12549019607843137, 0.6588235294117647, 0.9725490196078431]}