{"ca3a318f-fe84-4c33-94d2-f363f3bd9783": [0.03137254901960784, 0.8470588235294118, 0.18823529411764706], "d5db0529-758c-48c9-bb02-2ed766225d53": [0.1568627450980392, 0.6588235294117647, 0.3764705882352941], "4da1da59-66d2-4f69-8404-7aa6381c2e68": [0.09411764705882353, 0.40784313725490196, 0.09411764705882353], "2b154afd-2172-481c-80de-8865b88aa237": [0.06274509803921569, 0.6901960784313725, 0.9411764705882353]}