{"ca3a318f-fe84-4c33-94d2-f363f3bd9783": [0.03137254901960784, 0.8470588235294118, 0.18823529411764706], "d5db0529-758c-48c9-bb02-2ed766225d53": [0.1568627450980392, 0.6588235294117647, 0.3764705882352941], "10c27e38-3591-4d3a-979a-4803ccfc1231": [0.1568627450980392, 0.596078431372549, 0.8156862745098039]}