{"343c1a54-22d9-449a-9309-a94bf8145b75": [0.09411764705882353, 0.40784313725490196, 0.09411764705882353], "eb4ce856-5b7b-41d2-ab1e-67bc97bd9784": [0.09411764705882353, 0.3764705882352941, 0.4392156862745098], "80e7d3cb-1e50-45dd-a45d-9a434e73c244": [0.12549019607843137, 0.47058823529411764, 0.596078431372549]}