{
  "79ccebca-fa8b-41a9-b347-1eac0df6ed6c": [
    0.06274509803921569,
    0.12549019607843137,
    0
  ],
  "8afd07c5-c444-41d7-a6a8-cdb6496c09a0": [
    0.03137254901960784,
    0.2196078431372549,
    0
  ],
  "1c9bcb67-2a04-4972-a35b-69fec72eaa5b": [
    0.06274509803921569,
    0.2823529411764706,
    0
  ],
  "f3a6607f-85de-46b1-81a5-b8c848c05870": [
    0.06274509803921569,
    0.47058823529411764,
    0
  ],
  "8d143557-65d3-4384-a322-3e84d2aeed74": [
    0.03137254901960784,
    0.7843137254901961,
    0.03137254901960784
  ],
  "3655f124-926d-4af6-b3fa-841c8a3233ee": [
    0.03137254901960784,
    0.8470588235294118,
    0.06274509803921569
  ],
  "e0b297a4-fcaa-4612-b507-0b68c4a376b5": [
    0.03137254901960784,
    0,
    0.09411764705882353
  ],
  "e23d60c4-3dec-418b-bd6e-faa888c1f533": [
    0.12549019607843137,
    0.3137254901960784,
    0.09411764705882353
  ],
  "4d741d98-c3b2-49ff-98f8-1761a25bab88": [
    0.09411764705882353,
    0.40784313725490196,
    0.09411764705882353
  ],
  "8cfb5b42-0e54-4e48-b7ed-ab44f36ef62b": [
    0.03137254901960784,
    0.8156862745098039,
    0.09411764705882353
  ],
  "95c204e4-269e-4681-84a9-d628f2c7e374": [
    0.09411764705882353,
    0.9098039215686274,
    0.12549019607843137
  ],
  "4b71b9f7-1ebc-4c7d-b500-8b6a375976c0": [
    0.12549019607843137,
    0.1568627450980392,
    0.1568627450980392
  ],
  "f7741071-6a60-4207-bfff-b14db827ad6c": [
    0.09411764705882353,
    0.6901960784313725,
    0.1568627450980392
  ],
  "d13d0541-0130-44c9-ad35-fd86d2a32b72": [
    0.09411764705882353,
    0,
    0.18823529411764706
  ],
  "cd82b808-2001-4316-90b3-ef90890137c9": [
    0.03137254901960784,
    0,
    0.2196078431372549
  ],
  "4555a832-6c90-47f9-b96a-561665515494": [
    0.12549019607843137,
    0.3137254901960784,
    0.2196078431372549
  ],
  "90c88674-3105-4040-9f5c-f88d01ce1496": [
    0.09411764705882353,
    0.40784313725490196,
    0.2196078431372549
  ],
  "c903c0cc-53e0-418b-902f-2f9086164413": [
    0.06274509803921569,
    0.596078431372549,
    0.25098039215686274
  ],
  "a56f2253-85b0-424d-aa42-d5605e6450a7": [
    0.09411764705882353,
    0.18823529411764706,
    0.2823529411764706
  ],
  "dbce5a58-3cde-4cc2-90e5-ad8507806c91": [
    0.03137254901960784,
    0.5647058823529412,
    0.2823529411764706
  ],
  "92e02ff8-b20b-47cc-b43a-ff2de9fef01b": [
    0.09411764705882353,
    0.9411764705882353,
    0.2823529411764706
  ],
  "e84f9219-9998-482e-b00b-c727ee6469d4": [
    0.12549019607843137,
    0.3137254901960784,
    0.3137254901960784
  ],
  "d44f481d-a902-4c1f-ba28-83e4af86aebf": [
    0.06274509803921569,
    0.5333333333333333,
    0.34509803921568627
  ],
  "ab8025c7-70c1-4491-b48b-12618e03d3bd": [
    0.09411764705882353,
    0.596078431372549,
    0.34509803921568627
  ],
  "b1c5cf26-ea5c-4dff-8893-54d6a5f88583": [
    0.12549019607843137,
    0.7215686274509804,
    0.34509803921568627
  ],
  "7888bccb-2136-4aa1-af76-6a04c476220d": [
    0.06274509803921569,
    0.4392156862745098,
    0.3764705882352941
  ],
  "87b63641-7f41-4544-959b-62d5ed2d96ec": [
    0.09411764705882353,
    0.5019607843137255,
    0.3764705882352941
  ],
  "94709172-5b38-4697-b88f-2c33c90d0cd6": [
    0.09411764705882353,
    0.7529411764705882,
    0.3764705882352941
  ],
  "39fa8f83-9923-46c4-a48f-3719754022c6": [
    0.03137254901960784,
    0.34509803921568627,
    0.40784313725490196
  ],
  "55b1f481-466e-445f-a644-30ca2000ebd7": [
    0.12549019607843137,
    0.47058823529411764,
    0.40784313725490196
  ],
  "b553d259-1231-4b60-928d-348db49cf879": [
    0.09411764705882353,
    0.5333333333333333,
    0.40784313725490196
  ],
  "0f4df8b5-3020-4b40-a9f8-174040be1b65": [
    0.12549019607843137,
    0.596078431372549,
    0.40784313725490196
  ],
  "08017134-b37e-4767-af5e-c928ab6a63d6": [
    0.12549019607843137,
    0.9098039215686274,
    0.40784313725490196
  ],
  "3b02bbe0-5bc6-4244-b8a0-ce4e9015df46": [
    0.03137254901960784,
    0,
    0.4392156862745098
  ],
  "5d9921fa-65d0-4c29-9877-c7402519fd04": [
    0.09411764705882353,
    0.25098039215686274,
    0.4392156862745098
  ],
  "8e3684fb-efce-4771-b798-c3a74ff38b4c": [
    0.06274509803921569,
    0.47058823529411764,
    0.47058823529411764
  ],
  "fb898d6c-2f41-43f3-a6a4-15e647d666a3": [
    0.06274509803921569,
    0,
    0.5019607843137255
  ],
  "d7844832-1fb5-495d-9884-35d150e32279": [
    0.06274509803921569,
    0.03137254901960784,
    0.5019607843137255
  ],
  "152eb11d-4c01-4831-9eed-2f07c7e82e17": [
    0.06274509803921569,
    0.34509803921568627,
    0.5333333333333333
  ],
  "b70bb20f-8bc7-4a9c-92e8-694da1d7822b": [
    0.09411764705882353,
    0.2823529411764706,
    0.5647058823529412
  ],
  "98149873-cf32-41f0-89c2-f4972ef5c8a0": [
    0.12549019607843137,
    0.3764705882352941,
    0.5647058823529412
  ],
  "e32f4eb1-2298-4a21-8539-5b3726a66cf0": [
    0.03137254901960784,
    0.8784313725490196,
    0.5647058823529412
  ],
  "bb57decd-6532-4ead-a525-74c700953743": [
    0.06274509803921569,
    0.25098039215686274,
    0.596078431372549
  ],
  "03910f77-8dc2-467d-9f5e-406edb9a30a4": [
    0.03137254901960784,
    0.2823529411764706,
    0.6274509803921569
  ],
  "f8d51f4f-729b-4012-b89b-4fae97352b62": [
    0.03137254901960784,
    0.7529411764705882,
    0.6274509803921569
  ],
  "457859cf-b594-4e2f-a695-5096ec872e7f": [
    0.06274509803921569,
    0.8784313725490196,
    0.6274509803921569
  ],
  "b4490a86-9ec5-4e8c-9cff-40d4b2888a32": [
    0.12549019607843137,
    0.12549019607843137,
    0.6588235294117647
  ],
  "8b04d74f-724b-413c-95fc-530b1a5f9670": [
    0.03137254901960784,
    0.2196078431372549,
    0.6588235294117647
  ],
  "2590817f-ae8c-4847-89f4-1d2886576966": [
    0.06274509803921569,
    0.6274509803921569,
    0.6588235294117647
  ],
  "ee7126d6-8917-486f-b2b1-08555975edd6": [
    0.09411764705882353,
    0.8470588235294118,
    0.6588235294117647
  ],
  "359853b4-5179-4dcc-a344-0e3cdfd9cf4b": [
    0.12549019607843137,
    0.9725490196078431,
    0.6588235294117647
  ],
  "f9bc6378-833e-4a00-90b5-b69af88bdb76": [
    0.06274509803921569,
    0,
    0.6901960784313725
  ],
  "268489c1-cf89-407d-af20-31d3163e9cba": [
    0.12549019607843137,
    0.09411764705882353,
    0.7215686274509804
  ],
  "25bc40c6-063e-4303-b957-13eff8698d7e": [
    0.06274509803921569,
    0.34509803921568627,
    0.7215686274509804
  ],
  "1997a7bf-a05c-4995-bcf9-869bbe104bb5": [
    0.06274509803921569,
    0.7843137254901961,
    0.7215686274509804
  ],
  "16c74091-c77c-43f4-ac47-6339d517a49d": [
    0.09411764705882353,
    0.2823529411764706,
    0.7529411764705882
  ],
  "803eced1-e3a5-46b9-bf10-d930e1beb075": [
    0.12549019607843137,
    0.3764705882352941,
    0.7529411764705882
  ],
  "e5fbdbf4-2ce8-41c3-9037-d8d0edfed47c": [
    0.03137254901960784,
    0.8784313725490196,
    0.7529411764705882
  ],
  "0abdf68a-ef50-4a95-acbd-0e4ecef7c498": [
    0.12549019607843137,
    0.5333333333333333,
    0.7843137254901961
  ],
  "72b341aa-0ea9-4b6b-b806-96d92314c805": [
    0.03137254901960784,
    0.4392156862745098,
    0.8156862745098039
  ],
  "ecec8d5b-fea7-4943-965d-dba326eec5ee": [
    0.06274509803921569,
    0.5333333333333333,
    0.8156862745098039
  ],
  "0985f499-5f4c-495d-a8af-8b509161f0f1": [
    0.03137254901960784,
    0.5647058823529412,
    0.8156862745098039
  ],
  "fb5e3215-c92b-4525-aa8f-60a6a2e963c6": [
    0.06274509803921569,
    0.6901960784313725,
    0.8156862745098039
  ],
  "8042944b-5b10-49ef-84c7-cfcf8ca23b8b": [
    0.03137254901960784,
    0.5019607843137255,
    0.8470588235294118
  ],
  "b2daca88-4d22-4b85-820c-ec4237f2fd17": [
    0.06274509803921569,
    0,
    0.8784313725490196
  ],
  "b688a34a-ac52-4b65-9a1a-68b578f8305e": [
    0.09411764705882353,
    0.2823529411764706,
    0.8784313725490196
  ],
  "2ab12abc-6073-4d7f-ab03-af6881d2638a": [
    0.03137254901960784,
    0.6901960784313725,
    0.8784313725490196
  ],