{
  "a62c64f5-15af-4db1-ba57-714e5790ed95": [
    0.03137254901960784,
    0.2196078431372549,
    0
  ],
  "c6655840-d509-4061-bb85-b0246fd40813": [
    0.03137254901960784,
    0.06274509803921569,
    0.09411764705882353
  ],
  "e9e72d23-ddba-40df-85d7-21e32f555fe4": [
    0.09411764705882353,
    0.25098039215686274,
    0.09411764705882353
  ],
  "9d0416fe-7fab-4df3-841e-75ed00a98772": [
    0.03137254901960784,
    0.8156862745098039,
    0.09411764705882353
  ],
  "f8aa2f06-d1b7-4f6e-b3ca-e5894727ccc1": [
    0.06274509803921569,
    0.9411764705882353,
    0.09411764705882353
  ],
  "c52fe29e-5dc6-43e3-b536-5829f89edd74": [
    0.12549019607843137,
    0.1568627450980392,
    0.1568627450980392
  ],
  "e4facc7a-52a8-4b12-8e47-94c78dd32279": [
    0.03137254901960784,
    0.5333333333333333,
    0.1568627450980392
  ],
  "130fe721-49e1-4827-ac1b-d7636fe0b9b8": [
    0.12549019607843137,
    0.9411764705882353,
    0.1568627450980392
  ],
  "7c08361a-6a9e-4d5a-8ce5-cab6ba905ae4": [
    0.09411764705882353,
    0,
    0.18823529411764706
  ],
  "15fd7725-22f3-4c02-9e2b-cffa4964361c": [
    0.03137254901960784,
    0.8470588235294118,
    0.18823529411764706
  ],
  "24a041f0-bf88-4b80-9f09-fffe08113971": [
    0.03137254901960784,
    0.06274509803921569,
    0.2196078431372549
  ],
  "042d2884-649e-4f11-838c-f5a1ca33b079": [
    0.06274509803921569,
    0.2823529411764706,
    0.2196078431372549
  ],
  "c14e0d36-723d-4bcf-ac51-0300ee05b9db": [
    0.12549019607843137,
    0.3137254901960784,
    0.2196078431372549
  ],
  "acd265c1-64d3-4d11-8826-5e3f894b5d62": [
    0.03137254901960784,
    0.8156862745098039,
    0.2196078431372549
  ],
  "2461a727-ee55-4581-8689-bc20fb85d9db": [
    0.12549019607843137,
    0,
    0.25098039215686274
  ],
  "f114c511-31d4-43f7-b9b8-2d22a827af6b": [
    0.09411764705882353,
    0.18823529411764706,
    0.2823529411764706
  ],
  "4b272542-2ed7-4f65-9309-eb3230f1d083": [
    0.03137254901960784,
    0.4392156862745098,
    0.2823529411764706
  ],
  "25c58518-7551-4289-8d73-033afd0f1388": [
    0.03137254901960784,
    0.03137254901960784,
    0.3137254901960784
  ],
  "ba5b9f55-c95f-495b-ad5b-415e08d84381": [
    0.12549019607843137,
    0.3137254901960784,
    0.3137254901960784
  ],
  "8dcab681-7ec5-4478-a1ef-13e5ed20020a": [
    0.09411764705882353,
    0.40784313725490196,
    0.3137254901960784
  ],
  "2bb14fd8-d8f7-45a8-b399-33a69f89dbb2": [
    0.03137254901960784,
    0.18823529411764706,
    0.34509803921568627
  ],
  "f8a7fa80-81b1-4ded-bbe7-d49a8f523cc4": [
    0.09411764705882353,
    0.6588235294117647,
    0.34509803921568627
  ],
  "27e43cca-e3a8-4ffd-82fa-47f7de63e105": [
    0.12549019607843137,
    0.8784313725490196,
    0.34509803921568627
  ],
  "2ba94e00-2c6f-4359-ac9b-3425bfdedf85": [
    0.12549019607843137,
    0.12549019607843137,
    0.3764705882352941
  ],
  "29285cca-061e-432a-b07e-776447481b85": [
    0.12549019607843137,
    0.47058823529411764,
    0.40784313725490196
  ],
  "17ac7bc8-e319-4caf-8c3e-eca80c212322": [
    0.12549019607843137,
    0.9098039215686274,
    0.40784313725490196
  ],
  "c7c99e93-13b9-4180-9a88-9a6c6b3f82a4": [
    0.03137254901960784,
    0,
    0.4392156862745098
  ],
  "23b20c2e-9dd4-4ba3-b51f-c9d8dab0ae30": [
    0.12549019607843137,
    0.18823529411764706,
    0.47058823529411764
  ],
  "622cda4a-5fe4-4adc-a2d5-4360f5f49df9": [
    0.03137254901960784,
    0.3764705882352941,
    0.47058823529411764
  ],
  "8a9a528a-1b03-45ac-9781-3eeab4c7879d": [
    0.06274509803921569,
    0.47058823529411764,
    0.47058823529411764
  ],
  "c55de554-f7dd-442b-bdf5-1cc68152f8e2": [
    0.09411764705882353,
    0.47058823529411764,
    0.5019607843137255
  ],
  "c8d5c0e8-2765-440a-a0b5-9347565b140a": [
    0.09411764705882353,
    0.596078431372549,
    0.5019607843137255
  ],
  "b2befb41-40fd-4d0e-b25f-2ec550e2333a": [
    0.09411764705882353,
    0.06274509803921569,
    0.5333333333333333
  ],
  "3b411966-2dc0-4bde-927b-b20de9da04ae": [
    0.09411764705882353,
    0.5333333333333333,
    0.5333333333333333
  ],
  "32617c08-e114-4176-a332-c00a95336b6b": [
    0.09411764705882353,
    0.8156862745098039,
    0.5333333333333333
  ],
  "ae32d034-9e86-439d-8be5-a814412bc3be": [
    0.06274509803921569,
    0.03137254901960784,
    0.5647058823529412
  ],
  "bc544863-5d20-4a3d-aeed-2aa3b6a9049d": [
    0.09411764705882353,
    0.2823529411764706,
    0.5647058823529412
  ],
  "7692a925-2c4e-4016-b1e4-9e0ece691dda": [
    0.03137254901960784,
    0.6901960784313725,
    0.5647058823529412
  ],
  "b71bf3eb-3ace-4d63-808e-940b8740e088": [
    0.03137254901960784,
    0.8784313725490196,
    0.5647058823529412
  ],
  "49f498a3-92dc-4c7d-ade1-bab11259dc0b": [
    0.06274509803921569,
    0.25098039215686274,
    0.596078431372549
  ],
  "01f3aaff-9986-4508-9287-29ef632ed0b5": [
    0.03137254901960784,
    0.34509803921568627,
    0.596078431372549
  ],
  "eee9d107-eb36-4ee5-9310-f6daab74fd55": [
    0.09411764705882353,
    0.34509803921568627,
    0.596078431372549
  ],
  "6b49a363-339a-46d3-be98-e514cc2efc1f": [
    0.09411764705882353,
    0.5647058823529412,
    0.596078431372549
  ],
  "d6bc1553-49e9-4dc7-ba89-a4e4c211fa68": [
    0.09411764705882353,
    0.6588235294117647,
    0.6274509803921569
  ],
  "6945c554-68ca-4b38-89af-59ccb2f653f8": [
    0.12549019607843137,
    0.8784313725490196,
    0.6274509803921569
  ],
  "71f98ab4-28a5-4636-80da-19297519f605": [
    0.12549019607843137,
    0.34509803921568627,
    0.6588235294117647
  ],
  "5045b272-2ccd-4fb6-bd53-b4a38784a1b7": [
    0.12549019607843137,
    0.9725490196078431,
    0.6588235294117647
  ],
  "b7712842-163a-4910-9e94-a2e0762d56ee": [
    0.03137254901960784,
    0.9098039215686274,
    0.7529411764705882
  ],
  "4e8bd9db-4b03-4a36-9739-4a54b4098516": [
    0.03137254901960784,
    0.06274509803921569,
    0.7843137254901961
  ],
  "7955d5ec-0060-46ea-914e-bc11f0080096": [
    0.12549019607843137,
    0.6588235294117647,
    0.7843137254901961
  ],
  "a39307ba-e205-4dea-bfe4-eb9f6ab887ad": [
    0.09411764705882353,
    0.1568627450980392,
    0.8156862745098039
  ],
  "ffc1ecd3-ef76-44d6-9446-45ad552a4fa7": [
    0.03137254901960784,
    0.2823529411764706,
    0.8156862745098039
  ],
  "f6a46fd2-0334-4d66-a63b-7dbe1b1ef662": [
    0.06274509803921569,
    0.5333333333333333,
    0.8156862745098039
  ],
  "b6e2b5af-5103-46c0-b578-ae6f7a75a82a": [
    0.12549019607843137,
    0.6901960784313725,
    0.8156862745098039
  ],
  "5cfd53ad-a3df-48fa-8a25-48c1f595c40e": [
    0.03137254901960784,
    0.7529411764705882,
    0.8156862745098039
  ],
  "f5b017a7-e0cf-4cef-8787-cb1d234aa8d5": [
    0.06274509803921569,
    0.1568627450980392,
    0.8784313725490196
  ],
  "387eef0b-3613-4842-b546-21602941cb55": [
    0.03137254901960784,
    0.6901960784313725,
    0.8784313725490196
  ],
  "55d32a4b-b1d6-47a1-bc34-9c2b3498450e": [
    0.06274509803921569,
    0.8156862745098039,
    0.8784313725490196
  ],
  "d2d3c515-599f-4636-bf20-671849078dbf": [
    0.06274509803921569,
    0.18823529411764706,
    0.9411764705882353
  ],
  "78b4870d-d981-4b34-87c8-1ee58e465ff7": [
    0.12549019607843137,
    0.5333333333333333,
    0.9725490196078431
  ],
  "01c09ae8-acfc-42c9-bf3b-729f95d88913": [
    0.12549019607843137,
    0.6588235294117647,
    0.9725490196078431
  ]
}