{"33acd38f-b30a-48e2-98de-10a73235e7eb": [0.03137254901960784, 0.2196078431372549, 0.0], "64421bb0-5ac5-461b-ada3-aab60116b0de": [0.12549019607843137, 0.6901960784313725, 0.0], "55cecbb3-731b-47ed-b078-63c227c03a97": [0.12549019607843137, 0.12549019607843137, 0.03137254901960784], "35f7048f-9817-4816-97f6-7c6a026dd7ba": [0.03137254901960784, 0.06274509803921569, 0.09411764705882353], "792bdad8-18a8-42d0-8309-3f68bc2b5f02": [0.03137254901960784, 0.8156862745098039, 0.09411764705882353], "1f6c78a7-67b4-45e6-838e-6f48894e0989": [0.06274509803921569, 0.9411764705882353, 0.09411764705882353], "53d45304-aecd-41f6-be4a-f287e9689d44": [0.06274509803921569, 0.3137254901960784, 0.12549019607843137], "df284e52-ccae-461c-9b08-caa64bc38cbc": [0.12549019607843137, 0.1568627450980392, 0.1568627450980392], "a71a4e3e-af54-4f91-b109-907ba7c9111b": [0.03137254901960784, 0.5333333333333333, 0.1568627450980392], "4839922d-d8b6-4a9a-9f8a-9cc092712606": [0.09411764705882353, 0.0, 0.18823529411764706], "e4702526-e5dd-4a97-89a1-144c0b1bd699": [0.12549019607843137, 0.596078431372549, 0.18823529411764706], "9f2428ed-c8f3-440e-aae6-125acbfdf9db": [0.03137254901960784, 0.8470588235294118, 0.18823529411764706], "a8c83da2-a693-40b2-a095-f2ded44912be": [0.03137254901960784, 0.9725490196078431, 0.18823529411764706], "95df4539-3a44-4c97-8da7-173e03733993": [0.03137254901960784, 0.06274509803921569, 0.2196078431372549], "4b3f8751-14d2-4c2d-a332-bf7f8cd67f7c": [0.06274509803921569, 0.2823529411764706, 0.2196078431372549], "5379be54-c2a6-4e85-b92e-4d54ebe59b04": [0.03137254901960784, 0.8156862745098039, 0.2196078431372549], "4e4744bf-6bec-449c-a0f9-97f4f15206e6": [0.12549019607843137, 0.0, 0.25098039215686274], "e80bd5df-89f7-4c41-9fdd-6e658a9fe5e0": [0.09411764705882353, 0.7215686274509804, 0.25098039215686274], "696593e4-26cf-47f5-ac30-ebf284226f51": [0.03137254901960784, 0.4392156862745098, 0.2823529411764706], "0556ea04-dd86-47f3-b524-c67bfd0f81bc": [0.09411764705882353, 0.9411764705882353, 0.2823529411764706], "85d1b73a-1f3b-4ba5-9927-a9303fa9c964": [0.12549019607843137, 0.6588235294117647, 0.3137254901960784], "2eb260a7-6034-480d-89a7-ecefb7150083": [0.03137254901960784, 0.8156862745098039, 0.3137254901960784], "b3ca460d-d563-4936-b73b-2e6ef3cdab3e": [0.03137254901960784, 0.18823529411764706, 0.34509803921568627], "b05c37fe-41f3-4311-9295-99c0319df4f5": [0.12549019607843137, 0.7215686274509804, 0.34509803921568627], "92e60acf-3602-4a2d-bd90-c52d814634f2": [0.12549019607843137, 0.8784313725490196, 0.34509803921568627], "a6e7ffcc-62d3-4951-87f3-fbf8ae52d5c2": [0.06274509803921569, 0.4392156862745098, 0.3764705882352941], "a6c91748-6426-4aee-8022-b05fd799d277": [0.12549019607843137, 0.47058823529411764, 0.40784313725490196], "114552db-4997-4392-92e5-1b42873cc94a": [0.12549019607843137, 0.9098039215686274, 0.40784313725490196], "fff3d117-46b2-4b52-98d1-ab81cb8883ca": [0.03137254901960784, 0.0, 0.4392156862745098], "b056cd67-cd8f-4c89-ba78-1345f8de7de8": [0.03137254901960784, 0.25098039215686274, 0.47058823529411764], "84698a56-f996-4c63-8d4d-80e814c6b4cf": [0.06274509803921569, 0.47058823529411764, 0.47058823529411764], "56744047-6169-4821-b858-252779444794": [0.09411764705882353, 0.8784313725490196, 0.47058823529411764], "9bf9563f-4671-49da-8679-d3bb36f20580": [0.09411764705882353, 0.47058823529411764, 0.5019607843137255], "3235699f-de52-4a32-9944-e77cfa3de288": [0.09411764705882353, 0.06274509803921569, 0.5333333333333333], "e056b717-34ec-4292-b652-b84f17a79f36": [0.12549019607843137, 0.4392156862745098, 0.5333333333333333], "addb7743-d0ee-48e5-9a9a-367f812a6af6": [0.09411764705882353, 0.5333333333333333, 0.5333333333333333], "cc204675-7109-4b5a-80f2-a1332c79a731": [0.09411764705882353, 0.2823529411764706, 0.5647058823529412], "f80d64cc-273b-4235-a766-eacfbb7fa90d": [0.12549019607843137, 0.3764705882352941, 0.5647058823529412], "71743202-7f8d-4fa2-96f0-514bc4208316": [0.03137254901960784, 0.8784313725490196, 0.5647058823529412], "7d65d606-8a8f-46ab-b10f-68de3c910127": [0.09411764705882353, 0.5647058823529412, 0.596078431372549], "8cc22f69-76c0-4f2e-afc1-02eb11424611": [0.12549019607843137, 0.7529411764705882, 0.596078431372549], "5d766eaf-7c98-4fd1-a9dc-c78924061c5e": [0.12549019607843137, 0.9098039215686274, 0.596078431372549], "f7c6e35c-eb83-4f2d-81fe-41ebceb20fdc": [0.09411764705882353, 0.6588235294117647, 0.6274509803921569], "06044bd6-cffc-4b1e-9451-06b6279f36da": [0.06274509803921569, 0.06274509803921569, 0.6588235294117647], "0aceb5ca-3660-4673-ac9b-f299baa0b521": [0.06274509803921569, 0.34509803921568627, 0.7215686274509804], "c5a637fa-d26a-49b2-83ce-0709b9b8fc8e": [0.03137254901960784, 0.9098039215686274, 0.7529411764705882], "d43cc764-560c-4f39-8c0c-1d62100ca3ab": [0.03137254901960784, 0.06274509803921569, 0.7843137254901961], "736a672d-06ad-4f0c-bf52-2872ffdc65d9": [0.06274509803921569, 0.2823529411764706, 0.7843137254901961], "1f0c9da9-2a3b-4a16-a15f-dfcdfb2e04ca": [0.03137254901960784, 0.8156862745098039, 0.7843137254901961], "88e1ee03-2b1b-4631-ab65-fcf85f45280e": [0.09411764705882353, 0.1568627450980392, 0.8156862745098039], "a77ff607-625f-4695-ae40-d82a92bb09b0": [0.06274509803921569, 0.5333333333333333, 0.8156862745098039], "e3ea1db0-0d9f-48d9-aa5b-bffece5e49dc": [0.12549019607843137, 0.6901960784313725, 0.8156862745098039], "d0dee3f6-e907-44ed-a580-17cb4b34f73e": [0.06274509803921569, 0.1568627450980392, 0.8784313725490196], "a9ad567c-c932-430d-bba9-0d340ed1ecff": [0.12549019607843137, 0.3764705882352941, 0.8784313725490196], "33302544-f81d-43ec-ac3c-ec73c3d76065": [0.03137254901960784, 0.6901960784313725, 0.8784313725490196], "b09d5d1a-1a17-4686-8f0a-2f040e634d21": [0.06274509803921569, 0.8156862745098039, 0.8784313725490196], "5b358fae-cfdd-43e0-bdc1-a385cab8305c": [0.06274509803921569, 0.40784313725490196, 0.9098039215686274], "4a28ccb1-a9ef-41aa-a85e-68249fcf3014": [0.12549019607843137, 0.4392156862745098, 0.9098039215686274], "cc962620-3852-47be-b69c-c004436a81b4": [0.12549019607843137, 0.5647058823529412, 0.9098039215686274], "499ccd8c-e306-45f1-aec3-5dded875cd08": [0.03137254901960784, 0.9725490196078431, 0.9098039215686274], "c2aff5a6-60c7-4ab7-b20b-06224df34610": [0.03137254901960784, 0.4392156862745098, 0.9411764705882353], "3f02d496-2336-4de2-8fdb-76c6ef954134": [0.09411764705882353, 0.9725490196078431, 0.9411764705882353], "33c0462e-7bcd-49bb-8882-e9266e591cd5": [0.12549019607843137, 0.5333333333333333, 0.9725490196078431], "d8748153-a116-4e8d-aab5-9a08a1ce1663": [0.12549019607843137, 0.6588235294117647, 0.9725490196078431]}