{"acc": 0.8737309132443386, "loss": 0.12010991535486254, "_timestamp": 1711148248.1042905, "_runtime": 2.329096555709839, "_step": 7, "_wandb": {"runtime": 2}}