{"9e2401f0-adcd-4f46-a51a-f292af226771": [0.12549019607843137, 0.34509803921568627, 0.0], "0b9548b2-22b1-4b11-9393-1018196166bb": [0.09411764705882353, 0.6588235294117647, 0.0], "df4bb7a7-ea8a-4d35-9772-3ee09a26f994": [0.12549019607843137, 0.6901960784313725, 0.0], "5da584fe-bd64-43d3-8a8c-cf9360020e9f": [0.12549019607843137, 0.8784313725490196, 0.0], "767ce5c7-3dbb-4852-9f04-179004cf31ca": [0.06274509803921569, 0.09411764705882353, 0.03137254901960784], "d55ec22c-05f4-441c-8073-58d61a464dbc": [0.03137254901960784, 0.5647058823529412, 0.06274509803921569], "4d7472e7-744c-4847-8e39-d8e2eacdc985": [0.06274509803921569, 0.6901960784313725, 0.06274509803921569], "a6a8a6b2-53e2-40da-b394-ddd0cf5a4e1c": [0.09411764705882353, 0.9411764705882353, 0.06274509803921569], "14e034d5-af7c-4614-80ba-1d57c19571f6": [0.12549019607843137, 0.3137254901960784, 0.09411764705882353], "7694dad5-3db3-49bb-95e0-4d847a3f2e8d": [0.09411764705882353, 0.3764705882352941, 0.09411764705882353], "209acd18-8c93-4a1c-a4ff-853b9066df1e": [0.03137254901960784, 0.8470588235294118, 0.09411764705882353], "f3a2b731-1a59-40a2-80e1-14399b4a080e": [0.12549019607843137, 0.18823529411764706, 0.12549019607843137], "e3d720a8-4086-430f-ba8a-093abdbf3cba": [0.03137254901960784, 0.3764705882352941, 0.12549019607843137], "d49ab896-7e4c-42c4-80f5-8cfdb8164784": [0.09411764705882353, 0.4392156862745098, 0.12549019607843137], "ca72ff08-7d5d-48b2-81f6-2d2b5d47b501": [0.12549019607843137, 0.1568627450980392, 0.1568627450980392], "5895de6f-370c-422c-a364-b9952f27a4a0": [0.12549019607843137, 0.25098039215686274, 0.18823529411764706], "6586221a-8291-48e7-9300-ad395df625a3": [0.12549019607843137, 0.596078431372549, 0.18823529411764706], "b7c19f0d-ca04-4d15-9054-78228b07da2c": [0.03137254901960784, 0.9725490196078431, 0.18823529411764706], "3ad7f245-cac4-4ece-a5cb-58300e00a8ca": [0.12549019607843137, 0.3137254901960784, 0.2196078431372549], "ae85606c-b0a7-441d-ad12-88f7142cb88d": [0.12549019607843137, 0.2196078431372549, 0.25098039215686274], "1f8d8ce9-b5cf-4f53-a29f-dc696ab2e67a": [0.03137254901960784, 0.6588235294117647, 0.25098039215686274], "8e0bd091-1029-4790-b44c-73cd34f3c2fb": [0.06274509803921569, 0.9725490196078431, 0.25098039215686274], "a2867710-d07a-4493-b8d2-65406429a857": [0.09411764705882353, 0.1568627450980392, 0.2823529411764706], "7b876285-e82d-40f3-b601-3dc1b1a18e62": [0.09411764705882353, 0.25098039215686274, 0.2823529411764706], "b9ca6871-af44-4f5b-b55f-3e8b3bc0ed1f": [0.09411764705882353, 0.3764705882352941, 0.2823529411764706], "38da1e2e-d495-481a-9bb5-9c98fe03608e": [0.03137254901960784, 0.5647058823529412, 0.2823529411764706], "8e5790ce-f451-4ecf-8e60-20f5ba311cc0": [0.03137254901960784, 0.7529411764705882, 0.2823529411764706], "50a396ab-6483-44a7-a68e-0a5d7cbe1d13": [0.06274509803921569, 0.8784313725490196, 0.2823529411764706], "4a7203cc-09b6-4eca-aa8d-d5bbe6a1aca6": [0.12549019607843137, 0.3137254901960784, 0.3137254901960784], "af498b5f-2232-4f86-999b-7b3989d1cb1e": [0.12549019607843137, 0.5333333333333333, 0.3137254901960784], "a559034e-f5c8-4a35-b65a-bfe5e55d21f8": [0.12549019607843137, 0.6588235294117647, 0.3137254901960784], "4220051a-2171-4c31-88b2-dae867d3a69f": [0.03137254901960784, 0.18823529411764706, 0.34509803921568627], "ce594241-2e03-49f4-aea7-a42420f7aae5": [0.03137254901960784, 0.12549019607843137, 0.3764705882352941], "e204f3d5-0c9e-4816-af75-c05b91d5d31e": [0.06274509803921569, 0.7843137254901961, 0.3764705882352941], "136395ff-ff45-4c0c-9956-b579e5d430df": [0.12549019607843137, 0.9725490196078431, 0.3764705882352941], "85dbb1b5-487a-4ec0-b873-8849be4be62c": [0.12549019607843137, 0.47058823529411764, 0.40784313725490196], "fa868c28-3e05-46ea-b24b-0c8d93d8f51d": [0.12549019607843137, 0.9098039215686274, 0.40784313725490196], "b3c760c2-ef3a-49a3-bb0a-ad316b9acb9f": [0.12549019607843137, 0.9098039215686274, 0.4392156862745098], "5c1d5eae-5985-401b-9bd9-b2f0336bbea5": [0.06274509803921569, 0.5333333333333333, 0.47058823529411764], "6e3e7a74-c418-4f01-86cf-872679998e1f": [0.09411764705882353, 0.6274509803921569, 0.47058823529411764], "6d9f83c5-5da4-4108-83c5-1781499d05ca": [0.06274509803921569, 0.6901960784313725, 0.47058823529411764], "f521d21c-cc94-48f3-97c5-ad173fc5d68f": [0.12549019607843137, 0.6901960784313725, 0.47058823529411764], "387a355a-3ad5-4225-90c2-52ee5b7d6cc9": [0.09411764705882353, 0.8784313725490196, 0.47058823529411764], "a182870c-08f9-4b3f-8bbd-71cff76dc8d9": [0.09411764705882353, 0.47058823529411764, 0.5019607843137255], "32c5e5d0-9026-4bac-b4c1-7a194663c12f": [0.09411764705882353, 0.596078431372549, 0.5019607843137255], "f1c50ea8-1df7-4fd9-9375-610c3b5f7ddb": [0.09411764705882353, 0.06274509803921569, 0.5333333333333333], "12d173bf-77d6-4e16-a90e-d09f2f1a08c1": [0.03137254901960784, 0.3137254901960784, 0.5333333333333333], "223d9c84-5516-4a02-ad6c-08cde53216cc": [0.06274509803921569, 0.34509803921568627, 0.5333333333333333], "cdd0daa3-d900-4582-a22a-0959bfcd848c": [0.06274509803921569, 0.40784313725490196, 0.5333333333333333], "ec21f6e5-2ad1-4912-918c-9a80a961506a": [0.12549019607843137, 0.4392156862745098, 0.5333333333333333], "af339b93-e51a-48bd-ac2e-e6ca5edbe419": [0.12549019607843137, 0.5647058823529412, 0.5333333333333333], "100367d0-093f-42cf-8950-8ed707c6df1a": [0.06274509803921569, 0.7843137254901961, 0.5333333333333333], "db19dd4f-c3b7-488b-980d-1f30a54c864e": [0.09411764705882353, 0.8156862745098039, 0.5333333333333333], "5749e3ac-6ab0-4590-ace0-7fc70e65c606": [0.12549019607843137, 0.6274509803921569, 0.5647058823529412], "25149908-45c2-46f1-907c-5d8670bc9926": [0.03137254901960784, 0.6901960784313725, 0.5647058823529412], "f5462398-5b49-46fb-874b-2cd6bf26fc4f": [0.03137254901960784, 0.34509803921568627, 0.596078431372549], "17688f71-79eb-48e5-b835-98b6fea5f479": [0.12549019607843137, 0.596078431372549, 0.596078431372549], "4a1fd29b-f3bc-4cc9-a378-c94b43eebf3c": [0.12549019607843137, 0.9098039215686274, 0.596078431372549], "922fd25b-4bb2-40e2-9e62-ab67f7669eb4": [0.06274509803921569, 0.06274509803921569, 0.6588235294117647], "7747ef7e-0e93-4862-ae1e-05eeae7b3883": [0.12549019607843137, 0.09411764705882353, 0.6588235294117647], "febf530d-a8dd-4f21-a777-319898a701e4": [0.09411764705882353, 0.47058823529411764, 0.6901960784313725], "d593733a-5510-45fc-af84-4ed7b7da38db": [0.09411764705882353, 0.06274509803921569, 0.7215686274509804], "56e4d0cb-536a-468e-a12a-b02ac61ea25c": [0.06274509803921569, 0.34509803921568627, 0.7215686274509804], "3e541a0b-2b2a-46a7-8a2a-41d0fb6562cc": [0.06274509803921569, 0.5647058823529412, 0.7215686274509804], "6743fffd-8f1f-4b1e-bd26-8277bb7b59a7": [0.06274509803921569, 0.7529411764705882, 0.7215686274509804], "2107b9ac-1c86-4489-8a93-0ac15a329823": [0.09411764705882353, 0.8156862745098039, 0.7215686274509804], "ca736f96-af15-47d8-bf44-e4c56c3b5a1a": [0.03137254901960784, 0.6588235294117647, 0.7529411764705882], "91bf2e28-c328-4f27-b5e3-221cbe4c4cf4": [0.06274509803921569, 0.2823529411764706, 0.7843137254901961], "174600fb-b2d3-40d8-8908-480a86929911": [0.12549019607843137, 0.3137254901960784, 0.7843137254901961], "7497890d-75b0-4566-a86e-e30fc9572602": [0.09411764705882353, 0.40784313725490196, 0.7843137254901961], "82748a9f-2636-46b1-8ec5-94ecf1cf9eff": [0.03137254901960784, 0.8156862745098039, 0.7843137254901961], "1ca419cf-a2bd-46ce-91a8-7262adc76cdd": [0.06274509803921569, 0.9411764705882353, 0.7843137254901961], "04e9bafc-02f0-42cd-aef2-be1347ad80ae": [0.09411764705882353, 0.1568627450980392, 0.8156862745098039], "c7c2932e-6603-402e-81d5-8e0abbd8eba2": [0.03137254901960784, 0.47058823529411764, 0.8156862745098039], "d894be24-d30c-4eb8-a82d-ecf3cd42ac94": [0.03137254901960784, 0.7529411764705882, 0.8156862745098039], "e81771b9-b92e-45e8-818f-fe084900c10c": [0.06274509803921569, 0.8784313725490196, 0.8156862745098039], "d31fb8c6-9e96-46bc-ad6e-6ffb4f5b9bf5": [0.06274509803921569, 0.06274509803921569, 0.8470588235294118],