{"fa8bba0f-8c92-4273-b211-8cb319482a92": [0.2196078431372549, 0.09411764705882353, 0.5019607843137255], "617cd049-b352-468a-a39f-d66c5d05e6e3": [0.03137254901960784, 0.8470588235294118, 0.18823529411764706], "b613d1ed-077c-4e3e-8b07-aa7ea37b6061": [0.1568627450980392, 0.6588235294117647, 0.3764705882352941], "2557776d-2ee2-4c8f-b6f8-13bffbec7911": [0.1568627450980392, 0.596078431372549, 0.8156862745098039], "f34315ac-6b0d-4d25-a099-081b8f5ea03e": [0.03137254901960784, 0.7529411764705882, 0.2823529411764706]}