{"aa517871-d4bf-4613-b13c-43106de91d43": [0.12549019607843137, 0.12549019607843137, 0.03137254901960784], "ea092929-2e60-4faa-819f-0524eb309242": [0.06274509803921569, 0.8470588235294118, 0.06274509803921569], "a16277b4-3274-4b7c-b4a0-9f12391a68fe": [0.06274509803921569, 0.2823529411764706, 0.12549019607843137], "b0d6dbcb-7219-46c7-9169-ea08a02a5a50": [0.06274509803921569, 0.47058823529411764, 0.12549019607843137], "71d04fa8-dda5-45f6-9da7-dfd091737b6e": [0.03137254901960784, 0.8470588235294118, 0.18823529411764706], "30be0d89-ebdb-4e02-9fc0-f95afd9f6d3b": [0.09411764705882353, 0.40784313725490196, 0.2196078431372549], "51063f40-9e9d-49cf-bdd0-fb36f2bf1f8a": [0.09411764705882353, 0.9098039215686274, 0.25098039215686274], "1cae08de-447a-4d18-af2e-c743ed970bcc": [0.03137254901960784, 0.8470588235294118, 0.4392156862745098], "e02d99e7-4542-4762-9bdf-e882fe2227fa": [0.06274509803921569, 0.5333333333333333, 0.47058823529411764], "1a1c983e-d5d3-4191-947d-f4f93445aba9": [0.09411764705882353, 0.5333333333333333, 0.5333333333333333], "a8cfa58e-9110-4ac5-af8e-e815352aec29": [0.12549019607843137, 0.5647058823529412, 0.7215686274509804], "1efac4f9-57b6-46e3-b9bd-2735bdd7689d": [0.12549019607843137, 0.09411764705882353, 0.8470588235294118], "1ae6d913-8f57-49b7-b7d3-952dd707654b": [0.12549019607843137, 0.3764705882352941, 0.8784313725490196], "c16e617f-86b7-49c2-970d-9ef763d126bf": [0.03137254901960784, 0.8784313725490196, 0.8784313725490196], "f79618e2-ffd9-41e3-8c90-2eb73425b880": [0.12549019607843137, 0.596078431372549, 0.9098039215686274], "2bd0df17-f54d-4172-9bbb-dea3bd11bf84": [0.03137254901960784, 0.9725490196078431, 0.9098039215686274], "5226d75d-b940-4f58-b5d4-ebf87b01d6ec": [0.03137254901960784, 0.4392156862745098, 0.9411764705882353], "b774ea65-9fc8-4a8b-be6c-6733f5f8a456": [0.06274509803921569, 0.6901960784313725, 0.9411764705882353]}