{"acc": 0.9671418855590607, "loss": 0.087014017728587, "_timestamp": 1711148270.2856638, "_runtime": 3.349357843399048, "_step": 7, "_wandb": {"runtime": 2}}