{"acc": 0.7902438098883031, "loss": 0.2144011381565501, "_timestamp": 1711148256.2909827, "_runtime": 3.3968727588653564, "_step": 7, "_wandb": {"runtime": 2}}